<?xml version="1.0" encoding="UTF-8"?>
<!DOCTYPE hibernate-mapping PUBLIC "-//Hibernate/Hibernate Mapping DTD 3.0//EN" "http://hibernate.sourceforge.net/hibernate-mapping-3.0.dtd">
<!--
	Mapping file autogenerated by MyEclipse Persistence Tools
-->
<hibernate-mapping package="gnnt.MEBS.monitor.model">
  <class name="MemberHoldView" table="v_memberhold">
    <id column="holdno" name="holdno" type="java.lang.String">
      <generator class="assigned"/>
    </id>
    <property name="firmid" type="java.lang.String">
      <column name="firmid"/>
    </property>
    <property name="memberno" type="java.lang.String">
      <column name="memberno"/>
    </property>    
    <property name="commodityid" type="java.lang.String">
      <column name="commodityid"/>
    </property>
    <property name="commodityname" type="java.lang.String">
      <column name="commodityname"/>
    </property>
    <property name="holdqty" type="java.lang.String">
      <column name="holdqty"/>
    </property>
    <property name="bs_flag" type="java.lang.String">
      <column name="bs_flag"/>
    </property>
    <property name="holdtime" type="java.lang.String">
      <column name="holdtime"/>
     </property>
     <property name="holdday" type="java.lang.String">
      <column name="holdday"/>  
    </property>
    <property name="o_firmid" type="java.lang.String">
      <column name="o_firmid"/>
    </property>
    <property name="smemberno" type="java.lang.String">
      <column name="smemberno"/>
    </property>    
    <property name="o_firmname" type="java.lang.String">
      <column name="o_firmname"/>
    </property>
    <property name="openprice" type="java.lang.String">
      <column name="openprice"/>
    </property>
    <property name="holdprice" type="java.lang.String">
      <column name="holdprice"/>
    </property>
    <property name="price" type="java.lang.String">
      <column name="price"/>
    </property>
    <property name="floatingloss" type="java.lang.String">
      <column name="floatingloss"/>
    </property>
    <property name="tradefee" type="java.lang.String">
      <column name="tradefee"/>
    </property>
    <property name="delayfee" type="java.lang.String">
      <column name="delayfee"/>
    </property>
  </class>
</hibernate-mapping>
