<?xml version="1.0" encoding="UTF-8"?>
<!DOCTYPE hibernate-mapping PUBLIC "-//Hibernate/Hibernate Mapping DTD 3.0//EN" "http://hibernate.sourceforge.net/hibernate-mapping-3.0.dtd">
<!--
	Mapping file autogenerated by MyEclipse Persistence Tools
-->
<hibernate-mapping package="gnnt.MEBS.monitor.model">
  <class name="MemberHoldSumView" table="v_memberholdsum">
    <id column="commodityname" name="commodityname" type="java.lang.String">
      <generator class="assigned"/>
    </id>
    <property name="envenpricesell" type="java.lang.String">
      <column name="envenpricesell"/>
    </property>
    <property name="envenpricebuy" type="java.lang.String">
      <column name="envenpricebuy"/>
     </property>
    <property name="openpricesell" type="java.lang.String">
      <column name="openpricesell"/>
    </property>
    <property name="openpricebuy" type="java.lang.String">
      <column name="openpricebuy"/>     
    </property>
    <property name="sellqty" type="java.lang.String">
      <column name="sellqty"/>
    </property>
    <property name="buyqty" type="java.lang.String">
      <column name="buyqty"/>
    </property>
    <property name="sellloss" type="java.lang.String">
      <column name="sellloss"/>
    </property>
    <property name="buyloss" type="java.lang.String">
      <column name="buyloss"/>
    </property>
    <property name="netqty" type="java.lang.String">
      <column name="netqty"/>
    </property>
    <property name="netloss" type="java.lang.String">
      <column name="netloss"/>
    </property>
  </class>
</hibernate-mapping>
