<?xml version="1.0" encoding="UTF-8"?>
<!DOCTYPE hibernate-mapping PUBLIC "-//Hibernate/Hibernate Mapping DTD 3.0//EN" "http://hibernate.sourceforge.net/hibernate-mapping-3.0.dtd">
<!-- 
    Mapping file autogenerated by MyEclipse Persistence Tools
-->
<hibernate-mapping>
  <class name="gnnt.MEBS.monitor.model.VCustomerclose" table="V_CUSTOMERCLOSE">
    <id name="tradeno" type="java.lang.Long">
      <column name="TRADENO" precision="15" scale="0"/>
    </id>
    <property name="opentradeno" type="java.lang.Long">
      <column name="OPENTRADENO" precision="15" scale="0"/>
    </property>
    <property name="customerno" type="java.lang.String">
      <column length="16" name="CUSTOMERNO"/>
    </property>
    <property name="customername" type="java.lang.String">
      <column length="16" name="CUSTOMERNAME"/>
    </property>
    <property name="organizationno" type="java.lang.String">
      <column length="16" name="ORGANIZATIONNO"/>
    </property>
    <property name="organizationname" type="java.lang.String">
      <column length="64" name="ORGANIZATIONNAME"/>
    </property>
    <property name="brokerageno" type="java.lang.String">
      <column length="16" name="BROKERAGENO"/>
    </property>
    <property name="managerno" type="java.lang.String">
      <column length="16" name="MANAGERNO"/>
    </property>
    <property name="commodityid" type="java.lang.String">
      <column length="16" name="COMMODITYID"/>
    </property>
    <property name="commodityname" type="java.lang.String">
      <column length="32" name="COMMODITYNAME"/>
    </property>
    <property name="quantity" type="java.lang.String">
      <column name="QUANTITY"/>
    </property>
    <property name="holdday" type="java.lang.String">
      <column name="HOLDDAY"/>
    </property>    
    <property name="holdtime" type="java.lang.String">
      <column name="HOLDTIME"/>
    </property>
    <property name="memberno" type="java.lang.String">
      <column length="16" name="MEMBERNO"/>
    </property>
    <property name="membername" type="java.lang.String">
      <column length="128" name="MEMBERNAME"/>
    </property>
    <property name="openBsFlag" type="java.lang.String">
      <column name="OPEN_BS_FLAG" />
    </property>
    <property name="openprice" type="java.lang.String">
      <column name="OPENPRICE" />
    </property>
    <property name="holdprice" type="java.lang.String">
      <column name="HOLDPRICE" />
    </property>
        <property name="closeday" type="java.lang.String">
      <column  name="CLOSEDAY"/>
    </property>
    <property name="closetime" type="java.lang.String">
      <column  name="CLOSETIME"/>
    </property>
    <property name="closeBsFlag" type="java.lang.String">
      <column name="CLOSE_BS_FLAG" />
    </property>
    <property name="closePrice" type="java.lang.String">
      <column name="CLOSE_PRICE" />
    </property>
    <property name="closePl" type="java.lang.String">
      <column name="CLOSE_PL"/>
    </property>
    <property name="tradefee" type="java.lang.String">
      <column name="TRADEFEE" />
    </property>
    <property name="netPl" type="java.lang.String">
      <column name="NET_PL" />
    </property>
  </class>
</hibernate-mapping>
