<?xml version="1.0" encoding="GBK"?>
<!DOCTYPE hibernate-mapping PUBLIC "-//Hibernate/Hibernate Mapping DTD 3.0//EN"
"http://hibernate.sourceforge.net/hibernate-mapping-3.0.dtd">
	<!--
		Mapping file autogenerated by MyEclipse Persistence Tools
	-->
<hibernate-mapping package="gnnt.MEBS.bill.mgr.model.usermanage">
	<class name="MFirm" table="M_FIRM" dynamic-update="true" lazy="true">
		<id name="firmId" type="java.lang.String">
			<column name="FIRMID" />
			<generator class="assigned" />
		</id>
		<property name="name"></property>
		<property name="fullName"></property>
		<property name="type"></property>
		<property name="status"></property>
		<property name="address"></property>
		<property name="contactMan"></property>
		<property name="certificateType"></property>
		<!--<many-to-one name="certificate" class="gnnt.MEBS.bill.mgr.model.CertificateType" column="certificateType"></many-to-one>
		--><property name="certificateNO"></property>
		<property name="phone"></property>
		<property name="mobile"></property>
		<property name="fax"></property>
		<property name="postCode"></property>
		<property name="email"></property>
		<property name="note"></property>
		<property name="zoneCode"></property>
		<property name="industryCode"></property>
		<property name="organizationCode"></property>
		<property name="corporateRepresentative"></property>
		<property name="extendData"></property>
		<property name="createTime"></property>
		<property name="modifyTime"></property>
	</class>
</hibernate-mapping>
