<?xml version="1.0" encoding="GBK"?>
<!DOCTYPE hibernate-mapping PUBLIC "-//Hibernate/Hibernate Mapping DTD 3.0//EN"
"http://hibernate.sourceforge.net/hibernate-mapping-3.0.dtd">

<hibernate-mapping package="gnnt.MEBS.timebargain.mgr.model.settle">
	<class name="GageBill" table="T_E_GageBill" dynamic-update="true" select-before-update="true" lazy="false">
		<id name="id" type="long">
			<column name="id" />
			<generator class="native">
				<param name="sequence">SEQ_T_E_GAGEBILL</param>
			</generator>
		</id>
		<property name="firmID" />
		<property name="commodityID" />
		<property name="quantity" />
		<property name="remark" />
		<property name="createtime" />
		<property name="modifyTime" />

	</class>
</hibernate-mapping>