<?xml version="1.0" encoding="GBK"?>
<!DOCTYPE hibernate-mapping PUBLIC "-//Hibernate/Hibernate Mapping DTD 3.0//EN"
"http://hibernate.sourceforge.net/hibernate-mapping-3.0.dtd">
	<!--
		Mapping file autogenerated by MyEclipse Persistence Tools
	-->
<hibernate-mapping package="gnnt.MEBS.timebargain.mgr.model.settle">
	<class name="SettleMatchLog" table="T_SettleMatchLog" >
		<id name="id">
			<generator class="sequence" >
			  <param name="sequence">SEQ_T_SETTLEMATCHLOG</param>
			</generator>
		</id>
		<property name="matchID"></property>
		<property name="operator"></property>
		<property name="operateLog"></property>
		<property name="updateTime"></property>
			
	</class>
</hibernate-mapping>
