<?xml version="1.0" encoding="GBK"?>
<!DOCTYPE hibernate-mapping PUBLIC "-//Hibernate/Hibernate Mapping DTD 3.0//EN"
"http://hibernate.sourceforge.net/hibernate-mapping-3.0.dtd">
	<!--
		Mapping file autogenerated by MyEclipse Persistence Tools
	-->
<hibernate-mapping package="gnnt.MEBS.timebargain.mgr.model.settle">
	<class name="SettleMatchFundManage" table="T_SettleMatchFundManage" >
		<id name="id">
			<generator class="sequence" >
			  <param name="sequence">SEQ_T_SETTLEMATCHFUNDMANAGE</param>
			</generator>
		</id>
		<property name="matchID"></property>
		<property name="firmID"></property>
		<property name="summaryNo"></property>
		<property name="amount"></property>
		<property name="operateDate"></property>
		<property name="commodityId"></property>
			
	</class>
</hibernate-mapping>
