<?xml version="1.0" encoding="GBK"?>
<!DOCTYPE hibernate-mapping PUBLIC "-//Hibernate/Hibernate Mapping DTD 3.0//EN"
"http://hibernate.sourceforge.net/hibernate-mapping-3.0.dtd">
	<!--
		Mapping file autogenerated by MyEclipse Persistence Tools
	-->
<hibernate-mapping package="gnnt.MEBS.timebargain.mgr.model.settle">
	<class name="SettleMatch" table="T_SETTLEMATCH" >
		<id name="matchID">
			<generator class="assigned" />
		</id>
		<property name="commodityID"></property>
		<property name="contractFactor"></property>
		<property name="quantity"></property>
		<property name="HL_Amount"></property>
		<property name="status"></property>
		<property name="result"></property>
		<property name="settleType"></property>
		<property name="firmID_B"></property>
		<property name="buyPrice"></property>
		<property name="buyPayout_Ref"></property>
		<property name="buyPayout"></property>
		<property name="buyMargin"></property>
		<property name="takePenalty_B"></property>
		<property name="payPenalty_B"></property>
		<property name="settlePL_B"></property>
		<property name="firmID_S"></property>
		<property name="sellPrice"></property>
		<property name="sellIncome_Ref"></property>
		<property name="sellIncome"></property>
		<property name="sellMargin"></property>
		<property name="takePenalty_S"></property>
		<property name="payPenalty_S"></property>
		<property name="settlePL_S"></property>
		<property name="createTime"></property>
		<property name="modifyTime"></property>
		<property name="settleDate"></property>
		<property name="modifier"></property>
		<property name="isTransfer"></property>
		<property name="buyTax"></property>
		<property name="taxIncluesive"></property>
	</class>
</hibernate-mapping>
