<?xml version="1.0" encoding="utf-8"?>
<!DOCTYPE hibernate-mapping PUBLIC "-//Hibernate/Hibernate Mapping DTD 3.0//EN"
"http://hibernate.sourceforge.net/hibernate-mapping-3.0.dtd">
	<!--
	Mapping file autogenerated by MyEclipse Persistence Tools
-->
<hibernate-mapping package="gnnt.MEBS.integrated.mgr.model.commodity">
	<class name="BreedProps" table="M_BreedProps" dynamic-update="true" lazy="false">
		<composite-id>
			<key-many-to-one name="breed" class="Breed">
				<column name="breedId"></column>
			</key-many-to-one>
			<key-many-to-one name="categoryProperty" class="CategoryProperty">
				<column name="propertyId"></column>
			</key-many-to-one>
			<key-property name="propertyValue"></key-property>
		</composite-id>
		<property name="sortNo"></property>
	</class>
</hibernate-mapping>
