<?xml version="1.0" encoding="utf-8"?>
<!DOCTYPE hibernate-mapping PUBLIC "-//Hibernate/Hibernate Mapping DTD 3.0//EN"
"http://hibernate.sourceforge.net/hibernate-mapping-3.0.dtd">
	<!--
	Mapping file autogenerated by MyEclipse Persistence Tools
-->
<hibernate-mapping package="gnnt.MEBS.integrated.mgr.model.commodity">
	<class name="Category" table="M_Category" dynamic-update="true" lazy="false">
		<id name="categoryId" type="java.lang.Long">
			<column name="categoryId" />
			<generator class="native">
				<param name="sequence">SEQ_M_CATEGORY</param>
			</generator>
		</id>
		<property name="categoryName"></property>
		<property name="note"></property>
		<property name="type"></property>
		<property name="sortNo"></property>
		<property name="status"></property>
		<property name="isOffSet"></property>
		<property name="offSetRate"></property>
		<property name="belongModule"></property>
		<many-to-one name="parentCategory" class="Category" column="parentCategoryId"/>
		<set name="childCategorySet" lazy="true" inverse="true" order-by="sortNo,categoryId" cascade="delete">
				<key column="parentCategoryId" />
				<one-to-many class="Category" />
		</set>
		<set name="breedSet" lazy="true" order-by="categoryId,sortNo" inverse="true" cascade="delete">
				<key column="categoryId" />
				<one-to-many class="Breed" />
		</set>
		<set name="propertySet" lazy="true" order-by="sortNo,categoryId" inverse="true" cascade="delete">
				<key column="categoryId" />
				<one-to-many class="CategoryProperty" />
		</set>
	</class>
</hibernate-mapping>
