<?xml version="1.0" encoding="utf-8"?>
<!DOCTYPE hibernate-mapping PUBLIC "-//Hibernate/Hibernate Mapping DTD 3.0//EN"
"http://hibernate.sourceforge.net/hibernate-mapping-3.0.dtd">
	<!--
	Mapping file autogenerated by MyEclipse Persistence Tools
-->
<hibernate-mapping package="gnnt.MEBS.integrated.mgr.model.commodity">
	<class name="PropertyType" table="M_PropertyType" dynamic-insert="true" dynamic-update="true" lazy="false">
		<id name="propertyTypeID" type="java.lang.Long">
			<column name="propertyTypeID" />
			<generator class="native">
				<param name="sequence">SEQ_M_PropertyType</param>
			</generator>
		</id>
		<property name="name"></property>
		<property name="status"></property>
		<property name="sortNo"></property>
	</class>
</hibernate-mapping>
