<?xml version="1.0" encoding="utf-8"?>
<!DOCTYPE hibernate-mapping PUBLIC "-//Hibernate/Hibernate Mapping DTD 3.0//EN"
"http://hibernate.sourceforge.net/hibernate-mapping-3.0.dtd">
	<!--
	Mapping file autogenerated by MyEclipse Persistence Tools
-->
<hibernate-mapping package="gnnt.MEBS.timebargain.mgr.model.settleMatch">
	<class name="SettleMatchM" table="T_SettleMatch" dynamic-insert="true" dynamic-update="true" lazy="false">
		<id name="matchId" ></id>
		<property name="commodityId"></property>
		<property name="quantity"></property>
		<property name="status"></property>
		<property name="result"></property>
		<property name="settleType"></property>
		<property name="firmID_B"></property>
		<property name="firmID_S"></property>
		<property name="settleDate"></property>
		<property name="createTime"></property>
		</class>
</hibernate-mapping>
