<?xml version="1.0" encoding="utf-8"?>
<!DOCTYPE hibernate-mapping PUBLIC "-//Hibernate/Hibernate Mapping DTD 3.0//EN"
"http://hibernate.sourceforge.net/hibernate-mapping-3.0.dtd">
	<!--
	Mapping file autogenerated by MyEclipse Persistence Tools
-->
<hibernate-mapping package="gnnt.MEBS.timebargain.mgr.model.settleMatch">
	<class name="SettlePropsM" table="T_settleProps" dynamic-update="true" lazy="false">
		<id name="id" type="java.lang.Long">
			<column name="id" />
			<generator class="native">
				<param name="sequence">SEQ_T_SETTLEPROPS</param>
			</generator>
		</id>
		<property name="commodityId"></property>
		<property name="propertyName"></property>
		<property name="propertyValue"></property>
		<property name="note"></property>
	</class>
</hibernate-mapping>
