<?xml version="1.0" encoding="utf-8"?>
<!DOCTYPE hibernate-mapping PUBLIC "-//Hibernate/Hibernate Mapping DTD 3.0//EN"
"http://hibernate.sourceforge.net/hibernate-mapping-3.0.dtd">
	<!--
	Mapping file autogenerated by MyEclipse Persistence Tools
-->
<hibernate-mapping package="gnnt.MEBS.account.model">

	<class name="CompMember" table="T_CompMember">
		<id name="id" type="java.lang.String">
			<column name="M_FirmID" />
			<generator class="assigned">
			</generator>
		</id>
		<property name="status"></property>
		<property name="statusChangeDate"></property>
	</class>
</hibernate-mapping>
