<?xml version="1.0" encoding="utf-8"?>
<!DOCTYPE hibernate-mapping PUBLIC "-//Hibernate/Hibernate Mapping DTD 3.0//EN"
"http://hibernate.sourceforge.net/hibernate-mapping-3.0.dtd">
	<!--
	Mapping file autogenerated by MyEclipse Persistence Tools
-->
<hibernate-mapping package="gnnt.MEBS.account.model">
<!-- 	/**
	 * 关键字
	 */
	private String key;
	/**
	 * 描述
	 */
	private String describe;
	/**
	 * 值
	 */
	private String value; -->
	<class name="Configruration" table="T_Configruration" dynamic-update="true">
		<id name="id" type="java.lang.String">
			<column name="key" />
			<generator class="native">
			   <param name="sequence">SEQ_APPLY</param>
			</generator>
		</id>
		<property name="describe"></property>
		<property name="value"></property>
	</class>
</hibernate-mapping>
