<?xml version="1.0" encoding="utf-8"?>
<!DOCTYPE hibernate-mapping PUBLIC "-//Hibernate/Hibernate Mapping DTD 3.0//EN"
                                   "http://hibernate.sourceforge.net/hibernate-mapping-3.0.dtd">
<!--
	Mapping file autogenerated by MyEclipse Persistence Tools
-->
<hibernate-mapping package="gnnt.MEBS.account.model">

	<class name="ErrorLogin" table="m_errorloginlog" dynamic-update="true">
		<id name="traderId" type="java.lang.String">
			<column name="traderId" />
			<generator class="assigned">
			</generator>
		</id>
		<property name="loginDate" type="java.util.Date"></property>
		<property name="moduleId"></property>
		<property name="ip"></property>
	</class>
</hibernate-mapping>
