<?xml version="1.0" encoding="utf-8"?>
<!DOCTYPE hibernate-mapping PUBLIC "-//Hibernate/Hibernate Mapping DTD 3.0//EN"
"http://hibernate.sourceforge.net/hibernate-mapping-3.0.dtd">
	<!--
	Mapping file autogenerated by MyEclipse Persistence Tools
-->
<hibernate-mapping package="gnnt.MEBS.account.model">

	<class name="MemberThreshold" table="R_CM_Threshold" dynamic-update="true">
		<id name="memberNo" type="java.lang.String">
			<column name="M_FirmID" />
			<generator class="assigned">
			</generator>
		</id>
		<property  name="minRiskFund"></property>
		<property  name="warnTh"></property>
		<property  name="frozenTh"></property>
		<property  name="m_SelfTradeRate"></property>
		<property  name="netHoldWarnTh"></property>
		<property  name="cu_F_WarnTh"></property>
		<property name="m_CU_BalanceSum"></property>
	</class>
</hibernate-mapping>
