<?xml version="1.0" encoding="utf-8"?>
<!DOCTYPE hibernate-mapping PUBLIC "-//Hibernate/Hibernate Mapping DTD 3.0//EN"
                                   "http://hibernate.sourceforge.net/hibernate-mapping-3.0.dtd">
<!--
	Mapping file autogenerated by MyEclipse Persistence Tools
-->
<hibernate-mapping package="gnnt.MEBS.account.model">
 <class dynamic-update="true" name="MemberInfo" table="M_MEMBERINFO">
  <id name="id" type="java.lang.String">
   <column name="MemberNo"/>
   <generator class="assigned"/>
  </id>
  <property  name="name"/>
  <property  name="signNo"/>
  <property  name="memberType"/>
  <property  name="papersType"/>
  <property  name="address"/>
  <property  name="papersName" column="papersCode"/>
  <property  name="phone"/>
  <property  name="fax"/>
  <property  name="postCode"/>
  <property  name="email"/>
  <property  name="extendData"/>
  <property name="createTime" type="java.util.Date"></property>
  <one-to-one name="compMember" class="CompMember" cascade="save-update" lazy="false"></one-to-one>
 </class>
</hibernate-mapping>
