<?xml version="1.0" encoding="utf-8"?>
<!DOCTYPE hibernate-mapping PUBLIC "-//Hibernate/Hibernate Mapping DTD 3.0//EN"
                                   "http://hibernate.sourceforge.net/hibernate-mapping-3.0.dtd">
<!--
	Mapping file autogenerated by MyEclipse Persistence Tools
-->
<hibernate-mapping package="gnnt.MEBS.account.model">

	<class name="NetCount" table="CUSTOMREGISTERCHECK" dynamic-update="true">
		<id name="monicustomno" type="java.lang.String">
			<column name="monicustomno" />
			<generator class="assigned">
			</generator>
		</id>
		<property name="createtime" type="java.util.Date"></property>
	</class>
</hibernate-mapping>
