<?xml version="1.0" encoding="utf-8"?>
<!DOCTYPE hibernate-mapping PUBLIC "-//Hibernate/Hibernate Mapping DTD 3.0//EN"
                                   "http://hibernate.sourceforge.net/hibernate-mapping-3.0.dtd">
<!--
	Mapping file autogenerated by MyEclipse Persistence Tools
-->
<hibernate-mapping package="gnnt.MEBS.account.model">

	<class name="NetCountInZS" table="CUSTOMERPROTOCOL" dynamic-update="true">
		<id name="customerno" type="java.lang.String">
			<column name="customerno" />
			<generator class="assigned">
			</generator>
		</id>
		<property name="accountagreement" ></property>
		<property name="accountprotocol" ></property>
		<property name="instruction" ></property>
		<property name="protocolno" ></property>
		<property name="riskoverbook" ></property>
		<property name="createtime" type="java.util.Date"></property>
	</class>
</hibernate-mapping>
