<?xml version="1.0" encoding="utf-8"?>
<!DOCTYPE hibernate-mapping PUBLIC "-//Hibernate/Hibernate Mapping DTD 3.0//EN"
                                   "http://hibernate.sourceforge.net/hibernate-mapping-3.0.dtd">
<!--
	Mapping file autogenerated by MyEclipse Persistence Tools
-->
<hibernate-mapping package="gnnt.MEBS.account.model">
 <class dynamic-update="true" name="SpecialMemberVO" table="v_s_memberinfo">
  <id name="s_memberNo" type="java.lang.String">
   <column name="memberNo"/>
   <generator class="assigned"/>
  </id>
	  <property name="name"/>
	  <property name="papersType"/>
	  <property name="address"/>
	  <property name="papersName" column="papersCode"/>
	  <property name="phone"/>
	  <property name="fax"/>
	  <property name="email"/>
	  <property name="postCode"/>
	  <property name="extendData"/>
	  <property name="signNo"></property>
	  <property name="createTime" type="java.util.Date"></property>
	<property name="signTime" type="java.util.Date"></property>
	<property name="activateTime" type="java.util.Date"></property>
	<property name="freezeTime" type="java.util.Date"></property>
	<property name="demiseTime" type="java.util.Date"></property>
    <property name="useFunds" column="useFunds"></property>
  <one-to-one cascade="save-update" class="SpecialMemberStatus" name="specialMemberStatus" lazy="false"/>
 </class>
</hibernate-mapping>
