<?xml version="1.0" encoding="utf-8"?>
<!DOCTYPE hibernate-mapping PUBLIC "-//Hibernate/Hibernate Mapping DTD 3.0//EN"
                                   "http://hibernate.sourceforge.net/hibernate-mapping-3.0.dtd">
<!--
	Mapping file autogenerated by MyEclipse Persistence Tools
-->
<hibernate-mapping package="gnnt.MEBS.account.model">
 <class dynamic-update="true" name="SpecialMemberStatus" table="T_SpecialMember">
  <id name="s_memberNo" type="java.lang.String">
   <column name="M_FirmID"/>
   <generator class="assigned"/>
  </id>
  <property  name="status"/>
  <property  name="netFL"/>
 </class>
</hibernate-mapping>
