<?xml version="1.0" encoding="utf-8"?>
<!DOCTYPE hibernate-mapping PUBLIC "-//Hibernate/Hibernate Mapping DTD 3.0//EN"
"http://hibernate.sourceforge.net/hibernate-mapping-3.0.dtd">
	<!--
	Mapping file autogenerated by MyEclipse Persistence Tools
-->
<hibernate-mapping package="gnnt.MEBS.account.model">

	<class name="SpecialThreshold" table="R_SM_Threshold" dynamic-update="true">
		<id name="firmId" type="java.lang.String">
			<column name="M_FirmID" />
			<generator class="assigned">
			</generator>
		</id>
		<property  name="minRiskFund"></property>
		<property  name="warnTh"></property>
		<property  name="frozenTh"></property>
		<property  name="holdWarnTh"></property>
	</class>
</hibernate-mapping>
