<?xml version="1.0"?>
<!DOCTYPE hibernate-mapping PUBLIC "-//Hibernate/Hibernate Mapping DTD 3.0//EN"
"http://hibernate.sourceforge.net/hibernate-mapping-3.0.dtd">
<!-- 
    Mapping file autogenerated by MyEclipse - Hibernate Tools
-->
<hibernate-mapping>
    <class name="gnnt.MEBS.account.model.SpecialMemberUser" table="C_SM_USER" lazy="false">
        <id name="userId" type="java.lang.String">
            <column name="ID"  length="128" />
        </id>
        <property name="name" type="java.lang.String">
            <column name="NAME" length="128" />
        </property>
        <property name="memberId" type="java.lang.String">
            <column name="memberID" length="128" />
        </property>
        <property name="password" type="java.lang.String">
            <column name="PASSWORD" length="512" />
        </property> 
        <property name="description" type="java.lang.String">
            <column name="DESCRIPTION" length="512" />
        </property>
        <property name="skin" type="java.lang.String">
            <column name="SKIN" length="128" />
        </property>
        <property name="keyCode" type="java.lang.String">
            <column name="KEYCODE" length="128" />
        </property>
        <set name="rightSet" table="C_SM_USER_RIGHT" cascade="none" lazy="true" fetch="select">
        <key column="USERID"/>
        <many-to-many class="gnnt.MEBS.account.model.SpecialMemberRight" column="RIGHTID"/>
        </set>
        <set name="roleSet" table="C_SM_USER_ROLE" cascade="none" lazy="true" fetch="select">
        <key column="USERID"/>
        <many-to-many class="gnnt.MEBS.account.model.SpecialMemberRole" column="ROLEID"/>
        </set>
    </class>
</hibernate-mapping>
