<?xml version="1.0" encoding="utf-8"?>
<!DOCTYPE hibernate-mapping PUBLIC "-//Hibernate/Hibernate Mapping DTD 3.0//EN"
                                   "http://hibernate.sourceforge.net/hibernate-mapping-3.0.dtd">
<!--
	Mapping file autogenerated by MyEclipse Persistence Tools
-->
<hibernate-mapping package="gnnt.MEBS.account.model">

	<class name="ThresholdArgs" table="R_ThresholdArgs" dynamic-update="true">
	 	 <id name="marketCode">
  			 <column name="marketCode"/>
   			<generator class="assigned"/>
  		</id>
			<property name="c_WarnTh"></property>
			<property name="c_ForceTh"></property>
			<property name="m_WarnTh"></property>
			<property name="m_FrozenTh"></property>
			<property name="m_SelfTradeRate"></property>
			<property name="sm_WarnTh"></property>
			<property name="cm_MinRiskFund"></property>
			<property name="sm_MinRiskFund"></property>
			<property name="sm_FrozenTh"></property>
			<property name="bm_MinRiskFund"></property>
			<property name="oc_ForceClose"></property>
			<property name="mchangeStatus"></property>
			<property name="monitorRefresh"></property>
	</class>
</hibernate-mapping>
