<?xml version="1.0" encoding="utf-8"?>
<!DOCTYPE hibernate-mapping PUBLIC "-//Hibernate/Hibernate Mapping DTD 3.0//EN"
                                   "http://hibernate.sourceforge.net/hibernate-mapping-3.0.dtd">
<!--
	Mapping file autogenerated by MyEclipse Persistence Tools
-->
<hibernate-mapping package="gnnt.MEBS.account.model">

	<class name="Trader" table="M_Trader" dynamic-update="true">
		<id name="traderID" type="java.lang.String">
			<column name="traderID" />
			<generator class="assigned">
			</generator>
		</id>
		<property name="name"></property>
		<property name="password"></property>
		<property name="forceChangePwd"></property>
		<property name="status"></property>
		<property name="firmID"></property>
		<property name="type"></property>
		<property name="keyCode"></property>
		<property name="enableKey"></property>
		<property name="createTime"></property>
		<property name="modifyTime"></property>
	</class>
</hibernate-mapping>
