<?xml version="1.0" encoding="utf-8"?>
<!DOCTYPE hibernate-mapping PUBLIC "-//Hibernate/Hibernate Mapping DTD 3.0//EN"
                                   "http://hibernate.sourceforge.net/hibernate-mapping-3.0.dtd">
<!--
	Mapping file autogenerated by MyEclipse Persistence Tools
-->
<hibernate-mapping package="gnnt.MEBS.account.model">

	<class name="WxAgreement" table="WX_AGREEMENT" dynamic-update="true">
		<id name="id" type="java.lang.Long">
		   <column name="id"/>
		   <generator class="assigned"/>
		 </id>
		<property name="agreement1" ></property>
		<property name="agreement2" ></property>
		<property name="agreement3" ></property>
		<property name="agreement4" ></property>
		<property name="agreement5" ></property>
	</class>
</hibernate-mapping>
