<?xml version="1.0" encoding="utf-8"?>
<!DOCTYPE hibernate-mapping PUBLIC "-//Hibernate/Hibernate Mapping DTD 3.0//EN"
                                   "http://hibernate.sourceforge.net/hibernate-mapping-3.0.dtd">
<!--
	Mapping file autogenerated by MyEclipse Persistence Tools
-->
<hibernate-mapping package="gnnt.MEBS.account.model">

	<class name="WxCustomer" table="M_CUSTOMERINFO" dynamic-update="true">
		<id name="customerno" type="java.lang.String">
			<column name="customerno" />
			<generator class="assigned">
			</generator>
		</id>
		<property name="name" column="name"></property>
		<property name="memberno"></property>
		<property name="paperscode"></property>
		<property name="phonepwd"></property>
		<property name="address"></property>
		<property name="contactman"></property>
		<property name="phone"></property>
		<property name="fax"></property>
		<property name="postcode"></property>
		<property name="email"></property>
		<property name="note"></property>
		<property name="extenddata"></property>
		<property name="wxno"></property>
		<property name="wxnickname"></property>
		<property name="paperstype"></property>
		<property name="createtime" type="java.util.Date"></property>
		<property name="signtime" type="java.util.Date"></property>
		<property name="activatetime" type="java.util.Date"></property>
		<property name="freezetime" type="java.util.Date"></property>
		<property name="demisetime" type="java.util.Date"></property>
		<one-to-one name="customerStatus" class="CustomerStatus" cascade="save-update" fetch="join" lazy="false"></one-to-one>
	</class>
</hibernate-mapping>
