<?xml version="1.0" encoding="utf-8"?>
<!DOCTYPE hibernate-mapping PUBLIC "-//Hibernate/Hibernate Mapping DTD 3.0//EN"
                                   "http://hibernate.sourceforge.net/hibernate-mapping-3.0.dtd">
<!--
	Mapping file autogenerated by MyEclipse Persistence Tools
-->
<hibernate-mapping package="gnnt.MEBS.account.model">

	<class name="Customer" table="M_CUSTOMERINFO" dynamic-update="true">
		<id name="customerNo" type="java.lang.String">
			<column name="customerNo" />
			<generator class="assigned">
			</generator>
		</id>
		<property name="name" column="name"></property>
		<property name="memberNo"></property>
		<property name="papersType"></property>
		<property name="address"></property>
		<property name="phone"></property>
		<property name="fax"></property>
		<property name="postCode"></property>
		<property name="email"></property>
		<property name="papersName" column="papersCode"></property>
		<property name="extendData"></property>
		<property name="phonePWD"></property>
		<property name="createTime" type="java.util.Date"></property>
	</class>
</hibernate-mapping>
