<?xml version="1.0" encoding="utf-8"?>
<!DOCTYPE hibernate-mapping PUBLIC "-//Hibernate/Hibernate Mapping DTD 3.0//EN"
"http://hibernate.sourceforge.net/hibernate-mapping-3.0.dtd">
	<!--
	Mapping file autogenerated by MyEclipse Persistence Tools
-->
<hibernate-mapping package="gnnt.MEBS.account.model">

	<class name="CustomerMappingBroker" table="M_B_CustomerMappingBroker" dynamic-update="true">
		<id name="customerNo" type="java.lang.String">
			<column name="customerNo" />
			<generator class="assigned" />
		</id>
		<property name="organizationNo"></property>
		<property name="brokerageNo"></property>
		<property name="managerNo"></property>
	</class>
</hibernate-mapping>
