<?xml version="1.0" encoding="GBK"?>
<!DOCTYPE hibernate-mapping PUBLIC "-//Hibernate/Hibernate Mapping DTD 3.0//EN"
"http://hibernate.sourceforge.net/hibernate-mapping-3.0.dtd">
	<!--
	Mapping file autogenerated by MyEclipse Persistence Tools
-->
<hibernate-mapping package="gnnt.MEBS.bill.mgr.model.stockmanage">
	<class name="BFirm" table="BI_Firm" dynamic-update="true" lazy="false">
		<id name="firmId" type="java.lang.String">
			<column name="firmId" />
			<generator class="assigned">
			</generator>
		</id>
		<property name="password" ></property>
		<property name="createTime"></property>
	</class>
</hibernate-mapping>
