<?xml version="1.0" encoding="GBK"?>
<!DOCTYPE hibernate-mapping PUBLIC "-//Hibernate/Hibernate Mapping DTD 3.0//EN"
"http://hibernate.sourceforge.net/hibernate-mapping-3.0.dtd">
	<!--
	Mapping file autogenerated by MyEclipse Persistence Tools
-->
<hibernate-mapping package="gnnt.MEBS.bill.mgr.model.stockmanage">
	<class name="Dismantle" table="BI_Dismantle" dynamic-update="true" lazy="false">
		<id name="dismantleId" type="java.lang.Long">
			<column name="dismantleId" />
			<generator class="native">
				<param name="sequence">SEQ_BI_DISMANTLE</param>
			</generator>
		</id>
		<many-to-one name="stock" class="Stock" column="stockId"></many-to-one>
		<property name="newStockId"></property>
		<property name="realStockCode"></property>
		<property name="amount"></property>
		<property name="applyTime"></property>
		<property name="processTime" ></property>
		<property name="status"></property>
	</class>
</hibernate-mapping>
