<?xml version="1.0" encoding="GBK"?>
<!DOCTYPE hibernate-mapping PUBLIC "-//Hibernate/Hibernate Mapping DTD 3.0//EN"
                                   "http://hibernate.sourceforge.net/hibernate-mapping-3.0.dtd">
<!-- Mapping file autogenerated by MyEclipse Persistence Tools -->
<hibernate-mapping>
	<class dynamic-update="true" name="gnnt.MEBS.bill.mgr.model.stockmanage.GlobalLogAllHis" table="W_GLOBALLOG_ALL_H" lazy="false">
		<id name="id" type="java.lang.Long">
			<generator class="native">
				<param name="sequence">SEQ_W_GLOBALLOG_all</param>
			</generator>
		</id>
		<property  name="operator" />
		<property  name="operateTime"/>
		<property  name="operateIp" />
		<property  name="operatorType"/>
		<property  name="operateContent" />
		<property  name="mark"/>
		<property  name="currentValue" />
		<property  name="operateResult" />
		<property name="logType"/>
		<property name="wareHouseID"/>
		
		<many-to-one name="logCatalog" column="operateType"
			class="gnnt.MEBS.bill.mgr.model.stockmanage.WarehouseLogCatalog">
		</many-to-one>
	</class>
</hibernate-mapping>
