<?xml version="1.0" encoding="GBK"?>
<!DOCTYPE hibernate-mapping PUBLIC "-//Hibernate/Hibernate Mapping DTD 3.0//EN"
"http://hibernate.sourceforge.net/hibernate-mapping-3.0.dtd">
	<!--
	Mapping file autogenerated by MyEclipse Persistence Tools
-->
<hibernate-mapping>
	<class name="gnnt.MEBS.bill.mgr.model.stockmanage.OutStock" table="BI_OutStock" dynamic-update="true" lazy="false">
		<id name="outStockID">
		</id>
		<property name="stockID"/>
		<property name="key"/>
		<property name="deliveryPerson"/>
		<property name="idnumber"/>
		<property name="status"/>
		<property name="createTime"/>
		<property name="processTime"/>
		<property name="address"/>
		<property name="phone"/>
		<property name="deliveryStatus"/>
		<many-to-one name="stock" class="gnnt.MEBS.bill.mgr.model.stockmanage.Stock" column="stockID" insert="false" update="false"></many-to-one>
	</class>
</hibernate-mapping>
