<?xml version="1.0" encoding="GBK"?>
<!DOCTYPE hibernate-mapping PUBLIC "-//Hibernate/Hibernate Mapping DTD 3.0//EN"
"http://hibernate.sourceforge.net/hibernate-mapping-3.0.dtd">
	<!--
	Mapping file autogenerated by MyEclipse Persistence Tools
-->
<hibernate-mapping >
	<class name="gnnt.MEBS.bill.mgr.model.stockmanage.StockList" table="v_stocklist" >
		<id name="stockId">
		</id>
		<property name="breedName"></property>
		<property name="warehouseId"></property>
		<property name="quantity"></property>
		<property name="unit"></property>
		<property name="lastTime"></property>
		<property name="createTime"></property>
		<property name="logisticsorder"></property>
		<property name="company"></property>
		<property name="received"></property>
		<property name="receivedDate"></property>
		<property name="ownerFirm"></property>
		<property name="invoiceStatus"></property>
		
		
			
	</class>
</hibernate-mapping>
