<?xml version="1.0" encoding="GBK"?>
<!DOCTYPE hibernate-mapping PUBLIC "-//Hibernate/Hibernate Mapping DTD 3.0//EN"
"http://hibernate.sourceforge.net/hibernate-mapping-3.0.dtd">
	<!--
	Mapping file autogenerated by MyEclipse Persistence Tools
-->
<hibernate-mapping package="gnnt.MEBS.bill.mgr.model.stockmanage">
	<class name="Stock" table="BI_Stock" dynamic-update="true" lazy="false">
		<id name="stockId">
			<column name="StockID" />
			<generator class="native">
				<param name="sequence">SEQ_BI_STOCK</param>
			</generator>
		</id>
		<property name="realStockCode"></property>
		<many-to-one name="breed" class="gnnt.MEBS.bill.mgr.model.commoditymanage.Breed" column="breedId"></many-to-one>
		<property name="warehouseId"></property>
		<property name="quantity"></property>
		<property name="unit"></property>
		<property name="ownerFirm"></property>
		<property name="lastTime"></property>
		<property name="createTime" ></property>
		<property name="stockStatus"></property>
		<set name="goodsProperties" lazy="true" inverse="true" order-by="stockId" cascade="all">
			<key column="stockId"  />
			<one-to-many class="StockGoodsProperty"/>
		</set>
		<set name="operations" lazy="true" inverse="true" order-by="stockId" cascade="all">
			<key column="stockId" />
			<one-to-many class="StockOperation"/>
		</set>
	</class>
</hibernate-mapping>
