<?xml version="1.0" encoding="GBK"?>
<!DOCTYPE hibernate-mapping PUBLIC "-//Hibernate/Hibernate Mapping DTD 3.0//EN"
"http://hibernate.sourceforge.net/hibernate-mapping-3.0.dtd">
	<!--
	Mapping file autogenerated by MyEclipse Persistence Tools
-->
<hibernate-mapping package="gnnt.MEBS.bill.mgr.model.stockmanage">
	<class name="Warehouse" table="BI_Warehouse" dynamic-update="true" lazy="false">
		<id name="id" type="java.lang.Long">
			<column name="id"></column>
			<generator class="native">
				<param name="sequence">SEQ_BI_WAREHOUSE</param>
			</generator>
		</id>
		<property name="warehouseId"></property>
		<property name="warehouseName"></property>
		<property name="status"></property>
		<property name="ownershipUnits"></property>
		<property name="registeredCapital"></property>
		<property name="investmentAmount"></property>
		<property name="address"></property>
		<property name="coordinate"></property>
		<property name="environmental"></property>
		<property name="rank"></property>
		<property name="testConditions"></property>
		<property name="agreementDate"></property>
		<property name="province"></property>
		<property name="city"></property>
		<property name="postcode"></property>
		<property name="corporateRepresentative"></property>
		<property name="representativePhone"></property>
		<property name="contactMan"></property>
		<property name="phone"></property>
		<property name="mobile"></property>
		<property name="fax"></property>
		<property name="hasDock"></property>
		<property name="dockTonnage"></property>
		<property name="dockDailyThroughput"></property>
		<property name="shipType"></property>
		<property name="hasRailway"></property>
		<property name="railwayDailyThroughput"></property>
		<property name="hasTanker"></property>
		<property name="tankerDailyThroughput"></property>
		<property name="createTime"></property>
	</class>
</hibernate-mapping>
