<?xml version="1.0" encoding="utf-8"?>
<!DOCTYPE hibernate-mapping PUBLIC "-//Hibernate/Hibernate Mapping DTD 3.0//EN"
"http://hibernate.sourceforge.net/hibernate-mapping-3.0.dtd">
	<!--
	Mapping file autogenerated by MyEclipse Persistence Tools
-->
<hibernate-mapping package="gnnt.MEBS.commodity.model">

	<class name="CustomerHoldQty" table="T_C_HoldQty" dynamic-update="true">
		<composite-id>
			<key-property name="customerNo">
				<column name="firmId"></column>
			</key-property>
			<key-property name="commodityId"></key-property>
		</composite-id>
		<property name="oneMaxOrderQty"></property>
		<property name="oneMinOrderQty"></property>
		<property name="maxCleanQty" column="maxNetHold"></property>
		<property name="maxHoldQty"></property>
	</class>
</hibernate-mapping>
