<?xml version="1.0"?>
<!DOCTYPE hibernate-mapping PUBLIC "-//Hibernate/Hibernate Mapping DTD 3.0//EN"
"http://hibernate.sourceforge.net/hibernate-mapping-3.0.dtd">
<!-- 
    Mapping file autogenerated by MyEclipse - Hibernate Tools
-->
<hibernate-mapping>
    <class name="gnnt.MEBS.common.model.Menu" table="C_SM_RIGHT" >
        <id name="id" type="java.lang.Long">
            <column name="ID"  precision="10" scale="0" />
        </id>
        <property name="name" type="java.lang.String">
            <column name="NAME" length="128" />
        </property>
        <property name="icon" type="java.lang.String">
            <column name="ICON" length="128" />
        </property>
        <property name="url" type="java.lang.String">
            <column name="VISITURL" length="512" />
        </property> 
        <property name="moduleId" type="java.lang.Integer">
            <column name="MODULEID" precision="3" scale="0" />
        </property>
        <property name="seq" type="java.lang.Integer">
            <column name="SEQ" precision="3" scale="0" />
        </property>
        <property name="visible" type="java.lang.Integer">
            <column name="VISIBLE" precision="1" scale="0" />
        </property>
        <many-to-one name="menu" column="PARENTID" class="gnnt.MEBS.common.model.Menu">
        </many-to-one>
        <set name="menuSet" cascade="none" lazy="false" fetch="join" order-by="seq">
        <key column="PARENTID"/>
        <one-to-many class="gnnt.MEBS.common.model.Menu" />
        <filter name="menuFilter" condition="(TYPE=:type1 or TYPE=:type2) and VISIBLE=:visible"/>
        </set>
        
    </class>
    <!--Filter声明-->
       <filter-def name="menuFilter">
　		<filter-param name="type1" type="java.lang.Integer"/>
        <filter-param name="type2" type="java.lang.Integer"/>
        <filter-param name="visible" type="java.lang.Integer"/>
	   </filter-def>
</hibernate-mapping>
