<?xml version="1.0"?>
<!DOCTYPE hibernate-mapping PUBLIC "-//Hibernate/Hibernate Mapping DTD 3.0//EN"
"http://hibernate.sourceforge.net/hibernate-mapping-3.0.dtd">
<!-- 
    Mapping file autogenerated by MyEclipse - Hibernate Tools
-->
<hibernate-mapping>
    <class name="gnnt.MEBS.common.model.UserForPassword" table="C_SM_USER" lazy="false">
        <id name="userId" type="java.lang.String">
            <column name="ID"  length="128" />
        </id>
        <property name="name" type="java.lang.String">
            <column name="NAME" length="128" />
        </property>
        <property name="password" type="java.lang.String">
            <column name="PASSWORD" length="512" />
        </property> 
    </class>
</hibernate-mapping>
