<?xml version="1.0" encoding="GBK"?>
<!DOCTYPE hibernate-mapping PUBLIC "-//Hibernate/Hibernate Mapping DTD 3.0//EN"
                                   "http://hibernate.sourceforge.net/hibernate-mapping-3.0.dtd">
<!-- Mapping file autogenerated by MyEclipse Persistence Tools -->
<hibernate-mapping>
	<class dynamic-update="true" name="gnnt.MEBS.common.front.model.integrated.ErrorLoginLog" table="M_ErrorLoginLog" lazy="false" dynamic-insert="true" >
		<composite-id>
			<key-property name="traderID"></key-property>
			<key-property name="loginDate"></key-property>
		</composite-id>

		<property name="ip"/>

		<many-to-one name="tradeModule" column="moduleId" class="gnnt.MEBS.common.front.model.TradeModule"></many-to-one>
	</class>
</hibernate-mapping>
