<?xml version="1.0" encoding="GBK"?>
<!DOCTYPE hibernate-mapping PUBLIC "-//Hibernate/Hibernate Mapping DTD 3.0//EN"
"http://hibernate.sourceforge.net/hibernate-mapping-3.0.dtd">
	<!--
	Mapping file autogenerated by MyEclipse Persistence Tools
-->
<hibernate-mapping package="gnnt.MEBS.integrated.mgr.model.stockmanage">
	<class name="StockOperation" table="BI_StockOperation" dynamic-update="true" lazy="false">
		<composite-id>
			<key-many-to-one name="stock" class="Stock" column="stockId"></key-many-to-one>
			<key-property name="operationId" type="integer"></key-property>
		</composite-id>
	</class>
</hibernate-mapping>
