<?xml version="1.0" encoding="utf-8"?>
<!DOCTYPE hibernate-mapping PUBLIC "-//Hibernate/Hibernate Mapping DTD 3.0//EN"
"http://hibernate.sourceforge.net/hibernate-mapping-3.0.dtd">
	<!--
	Mapping file autogenerated by MyEclipse Persistence Tools
-->
<hibernate-mapping package="gnnt.MEBS.announcement.model">

	<class name="Notice" table="T_Notice" dynamic-update="true">
		<id name="id" type="java.lang.Long">
			<column name="ID" />
			<generator class="native">
			   <param name="sequence">SEQ_T_Notice</param>
			</generator>
		</id>
		<property name="title"></property>
		<property name="content"></property>
		<property name="noticeType"></property>
		<property name="sendType"></property>
		<property name="recipientRules"></property>
		<property name="createTime" type="date"></property>
		<property name="author"></property>
		<property name="source"></property>
		<property name="sendTime" type="date"></property>
		<property name="expiryTime" type="date"></property>
		<property name="isExecute"></property>
		<property name="authorOrganization" column="publishOrganization"></property>
	</class>
</hibernate-mapping>
