<?xml version="1.0" encoding="utf-8"?>
<!DOCTYPE hibernate-mapping PUBLIC "-//Hibernate/Hibernate Mapping DTD 3.0//EN"
"http://hibernate.sourceforge.net/hibernate-mapping-3.0.dtd">
	<!--
	Mapping file autogenerated by MyEclipse Persistence Tools
-->
<hibernate-mapping package="gnnt.MEBS.broke.model">

	<class name="BrokerageAndOrganization" table="M_B_BrokerageAndOrganization" dynamic-update="true">
		<id name="brokerageNO" type="java.lang.String">
			<column name="brokerageno" />
			<generator class="assigned">
			</generator>
		</id>
		<property name="organizationNO"></property>
	</class>
</hibernate-mapping>
