<?xml version="1.0" encoding="utf-8"?>
<!DOCTYPE hibernate-mapping PUBLIC "-//Hibernate/Hibernate Mapping DTD 3.0//EN"
"http://hibernate.sourceforge.net/hibernate-mapping-3.0.dtd">
	<!--
	Mapping file autogenerated by MyEclipse Persistence Tools
-->
<hibernate-mapping package="gnnt.MEBS.broke.model">

	<class name="Brokerage" table="M_B_Brokerage" dynamic-update="true">
		<id name="brokerageNo" type="java.lang.String">
			<column name="brokerageNo" />
			<generator class="assigned" />
		</id>
		<property name="password"></property>
		<property name="name"></property>
		<property name="telephone"></property>
		<property name="mobile"></property>
		<property name="email"></property>
		<property name="address"></property>
		<property name="note"></property>
		<property name="memberNo"></property>
		<set name="organizationSet" table="M_B_BrokerageAndOrganization" lazy="false">
        <key column="brokerageNo"/>
        <many-to-many class="Organization" column="OrganizationNO"/>
        </set>
	</class>
</hibernate-mapping>
