<?xml version="1.0" encoding="utf-8"?>
<!DOCTYPE hibernate-mapping PUBLIC "-//Hibernate/Hibernate Mapping DTD 3.0//EN"
                                   "http://hibernate.sourceforge.net/hibernate-mapping-3.0.dtd">
<!--
	Mapping file autogenerated by MyEclipse Persistence Tools
-->
<hibernate-mapping package="gnnt.MEBS.broke.model">
 <class dynamic-update="true" name="MemberInfoTree" table="M_MEMBERINFO">
  <id name="id" type="java.lang.String">
   <column name="MemberNo"/>
   <generator class="assigned"/>
  </id>
  <property  name="name"/>
  <set name="organizationSet" table="m_b_organization" lazy="true" where="parentorganizationno is null" order-by="OrganizationNO">   
     <key column="memberNo"/>   
     <one-to-many class="OrganizationTree" />   
  </set>
  <set name="managerSet" table="M_B_Manager" lazy="true" where="parentorganizationno is null">   
     <key column="memberNo"/>   
     <one-to-many class="ManagerTree" />   
  </set>
  <set name="brokerageSet" table="M_B_Brokerage" lazy="true" where="BrokerageNo not in (select b.brokerageno from M_B_BrokerageAndOrganization b)" order-by="BrokerageNo">   
     <key column="memberNo"/>   
     <one-to-many class="BrokerageTree" />   
  </set>
 </class>
</hibernate-mapping>
