<?xml version="1.0" encoding="utf-8"?>
<!DOCTYPE hibernate-mapping PUBLIC "-//Hibernate/Hibernate Mapping DTD 3.0//EN"
"http://hibernate.sourceforge.net/hibernate-mapping-3.0.dtd">
	<!--
	Mapping file autogenerated by MyEclipse Persistence Tools
-->
<hibernate-mapping package="gnnt.MEBS.broke.model">

	<class name="MOrganization" table="T_B_Organization" dynamic-update="true">
		<id name="organizationNO" type="java.lang.String">
			<column name="OrganizationNO" />
			<generator class="assigned" />
		</id>
		<property name="parentOrganizationNO"></property>
		<property name="memberNo"></property>
		<property name="password"></property>
		<property name="name"></property>
		<property name="telephone"></property>
		<property name="mobile"></property>
		<property name="email"></property>
		<property name="address"></property>
		<set name="brokerageSet" table="T_B_BrokerageAndOrganization" cascade="none" lazy="false" order-by="brokerageNo desc">
        <key column="organizationNo"/>
        <many-to-many class="MBrokerage" column="brokerageNo"/>
        </set>
        <many-to-one name="parentOrganization" column="parentOrganizationNO" unique="true" insert="false" update="false" lazy="false"/> 
	</class>
</hibernate-mapping>
