<?xml version="1.0" encoding="utf-8"?>
<!DOCTYPE hibernate-mapping PUBLIC "-//Hibernate/Hibernate Mapping DTD 3.0//EN"
"http://hibernate.sourceforge.net/hibernate-mapping-3.0.dtd">
	<!--
	Mapping file autogenerated by MyEclipse Persistence Tools
-->
<hibernate-mapping package="gnnt.MEBS.broke.model">

	<class name="OrganizationTree" table="M_B_Organization" dynamic-update="true">
		<id name="organizationNO" type="java.lang.String">
			<column name="OrganizationNO" />
			<generator class="assigned" />
		</id>
		<property name="name"></property>
		<set name="brokerageSet" table="M_B_BrokerageAndOrganization" lazy="true" order-by="brokerageNo desc">
	        <key column="OrganizationNO"/>
	        <many-to-many class="BrokerageTree" column="BrokerageNO" />
        </set>
        <set name="organizationSet" table="M_B_Organization" lazy="true" order-by="OrganizationNO desc">
	        <key column="parentorganizationno"/>
	        <one-to-many class="OrganizationTree"/>
        </set>
        <set name="managerSet" table="m_b_manager" lazy="true">
	        <key column="parentorganizationno"/>
	        <one-to-many class="ManagerTree"/>
        </set>
	</class>
</hibernate-mapping>
