<?xml version="1.0" encoding="UTF-8"?>
<!DOCTYPE hibernate-mapping PUBLIC "-//Hibernate/Hibernate Mapping DTD 3.0//EN" "http://hibernate.sourceforge.net/hibernate-mapping-3.0.dtd">
<!-- 
    Mapping file autogenerated by MyEclipse Persistence Tools
-->

<hibernate-mapping>
  <class name="gnnt.MEBS.monitor.model.PerformanceMonitor" table="t_performancemonitor">
    <id name="id" type="java.lang.Integer">
    </id>
    <property name="num"></property>
    <property name="type"></property>
    <property name="dateTime"></property>
    <property name="categoryType"></property>
  </class>
</hibernate-mapping>
