<?xml version="1.0" encoding="UTF-8"?>
<!DOCTYPE hibernate-mapping PUBLIC "-//Hibernate/Hibernate Mapping DTD 3.0//EN" "http://hibernate.sourceforge.net/hibernate-mapping-3.0.dtd">
<!-- 
    Mapping file autogenerated by MyEclipse Persistence Tools
-->

<hibernate-mapping>
  <class name="gnnt.MEBS.monitor.model.QMemberVO" table="M_MEMBERINFO">
    <id name="memberno" type="java.lang.String">
      <column length="32" name="MEMBERNO"/>
    </id>
    <property name="name" type="java.lang.String">
      <column length="128" name="NAME"/>
    </property>
  </class>
</hibernate-mapping>
