<?xml version="1.0" encoding="UTF-8"?>
<!DOCTYPE hibernate-mapping PUBLIC "-//Hibernate/Hibernate Mapping DTD 3.0//EN" "http://hibernate.sourceforge.net/hibernate-mapping-3.0.dtd">
<!-- 
    Mapping file autogenerated by MyEclipse Persistence Tools
-->
<hibernate-mapping>
  <class name="gnnt.MEBS.monitor.model.VCommoditytry" table="v_commoditytry">
    <id name="commodityid" type="java.lang.String">
      <column length="16" name="commodityid"/>
    </id>
    <property name="commodityname" type="java.lang.String">
      <column length="16" name="commodityname"/>
    </property>
    <property name="curprice" type="java.lang.String">
      <column length="16" name="curprice"/>
    </property>
    <property name="price" type="java.lang.String">
      <column length="16" name="price"/>
    </property>
    
  </class>
</hibernate-mapping>
