<?xml version="1.0" encoding="UTF-8"?>
<!DOCTYPE hibernate-mapping PUBLIC "-//Hibernate/Hibernate Mapping DTD 3.0//EN" "http://hibernate.sourceforge.net/hibernate-mapping-3.0.dtd">
<!-- 
    Mapping file autogenerated by MyEclipse Persistence Tools
-->
<hibernate-mapping>
  <class name="gnnt.MEBS.monitor.model.VCustomerfund" table="V_CUSTOMERFUND">
    <id name="customerno" type="java.lang.String">
      <column length="16" name="CUSTOMERNO"/>
    </id>
    <property name="memberno" type="java.lang.String">
      <column length="16" name="MEMBERNO"/>
    </property>
    <property name="organizationno" type="java.lang.String">
      <column length="16" name="ORGANIZATIONNO"/>
    </property>
    <property name="organizationname" type="java.lang.String">
      <column length="64" name="ORGANIZATIONNAME"/>
    </property>
    <property name="brokerageno" type="java.lang.String">
      <column length="16" name="BROKERAGENO"/>
    </property>
    <property name="managerno" type="java.lang.String">
      <column length="16" name="MANAGERNO"/>
    </property>
    <property name="customername" type="java.lang.String">
      <column length="128" name="CUSTOMERNAME"/>
    </property>
    <property name="lastbalance" type="java.lang.String">
      <column name="LASTBALANCE" precision="15"/>
    </property>
    <property name="floatingloss" type="java.lang.String">
      <column name="FLOATINGLOSS" precision="15"/>
    </property>
    <property name="netbalance" type="java.lang.String">
      <column name="NETBALANCE" precision="15"/>
    </property>
    <property name="livemargin" type="java.lang.String">
      <column name="LIVEMARGIN" precision="22" scale="0"/>
    </property>
    <property name="margin" type="java.lang.String">
      <column name="MARGIN" precision="15"/>
    </property>
    <property name="frozenmargin" type="java.lang.String">
      <column name="FROZENMARGIN" precision="15"/>
    </property>
    <property name="riskvalue" type="java.lang.String">
      <column name="RISKVALUE" precision="22" scale="0"/>
    </property>
    <property name="riskrate" type="java.lang.String">
      <column name="RISKRATE" precision="10" scale="4"/>
    </property>
    <property name="membername" type="java.lang.String">
      <column length="128" name="MEMBERNAME"/>
    </property>
  </class>
</hibernate-mapping>
