<?xml version="1.0" encoding="UTF-8"?>
<!DOCTYPE hibernate-mapping PUBLIC "-//Hibernate/Hibernate Mapping DTD 3.0//EN" "http://hibernate.sourceforge.net/hibernate-mapping-3.0.dtd">
<!-- 
    Mapping file autogenerated by MyEclipse Persistence Tools
-->
<hibernate-mapping>
  <class name="gnnt.MEBS.monitor.model.VCustomerclosesum" table="V_CUSTOMERCLOSESUM">
    <id name="commodityname" type="java.lang.String">
      <column length="32" name="COMMODITYNAME"/>
    </id>

    <property name="buyqtyint" type="java.lang.Long">
      <column name="BUYQTY" precision="22" scale="0"/>
    </property>
    <property name="buyopenpricedbl" type="java.lang.Double">
      <column name="BUYOPENPRICE" precision="22" scale="0"/>
    </property>
    <property name="buyholdpricedbl" type="java.lang.Double">
      <column name="BUYHOLDPRICE" precision="22" scale="0"/>
    </property>    
    <property name="buyclosepricedbl" type="java.lang.Double">
      <column name="BUYCLOSEPRICE" precision="22" scale="0"/>
    </property>
    <property name="buyclosepldbl" type="java.lang.Double">
      <column name="BUYCLOSEPL" precision="22" scale="0"/>
    </property>
    <property name="sellqtyint" type="java.lang.Long">
      <column name="SELLQTY" precision="22" scale="0"/>
    </property>
    <property name="sellopenpricedbl" type="java.lang.Double">
      <column name="SELLOPENPRICE" precision="22" scale="0"/>
    </property>
    <property name="sellholdpricedbl" type="java.lang.Double">
      <column name="SELLHOLDPRICE" precision="22" scale="0"/>
    </property>      
    <property name="sellclosepricedbl" type="java.lang.Double">
      <column name="SELLCLOSEPRICE" precision="22" scale="0"/>
    </property>
    <property name="sellclosepldbl" type="java.lang.Double">
      <column name="SELLCLOSEPL" precision="22" scale="0"/>
    </property>
    <property name="tradefeedbl" type="java.lang.Double">
      <column name="TRADEFEE" precision="22" scale="0"/>
    </property>
    <property name="netqtyint" type="java.lang.Long">
      <column name="NETQTY" precision="22" scale="0"/>
    </property>
    <property name="allpldbl" type="java.lang.Double">
      <column name="ALLPL" precision="22" scale="0"/>
    </property>
    <property name="netpldbl" type="java.lang.Double">
      <column name="NETPL" precision="22" scale="0"/>
    </property>
  </class>
</hibernate-mapping>
