<?xml version="1.0" encoding="UTF-8"?>
<!DOCTYPE hibernate-mapping PUBLIC "-//Hibernate/Hibernate Mapping DTD 3.0//EN" "http://hibernate.sourceforge.net/hibernate-mapping-3.0.dtd">
<!-- 
    Mapping file autogenerated by MyEclipse Persistence Tools
-->
<hibernate-mapping>
  <class name="gnnt.MEBS.monitor.model.VCustomerclosesumTip" table="v_customerclosesum_tip">
    <id name="commodityid"/>

    <property name="buyopenprice"/>
    <property name="buyholdprice"/>
    <property name="sellopenprice"/>
    <property name="sellholdprice"/>
    <property name="buyqty"/>
    <property name="sellqty"/>
  </class>
</hibernate-mapping>
