<?xml version="1.0" encoding="UTF-8"?>
<!DOCTYPE hibernate-mapping PUBLIC "-//Hibernate/Hibernate Mapping DTD 3.0//EN"
                                   "http://hibernate.sourceforge.net/hibernate-mapping-3.0.dtd">
<!-- 
    Mapping file autogenerated by MyEclipse Persistence Tools
-->
<hibernate-mapping package="gnnt.MEBS.monitor.model">
 <class name="VCustomerhodsum" table="V_CUSTOMERHOLDSUM">
  <id name="commodityname" type="java.lang.String">
   <column length="32" name="COMMODITYNAME"/>
  </id>
  <property generated="never" lazy="false" name="buyqty" type="java.lang.String">
   <column name="BUYQTY" precision="22" scale="0"/>
  </property>
  <property generated="never" lazy="false" name="sellqty" type="java.lang.String">
   <column name="SELLQTY" precision="22" scale="0"/>
  </property>
  <property generated="never" lazy="false" name="envenpricebuy" type="java.lang.String">
   <column name="ENVENPRICEBUY" precision="22" scale="0"/>
  </property>
  <property generated="never" lazy="false" name="envenpricesell" type="java.lang.String">
   <column name="ENVENPRICESELL" precision="22" scale="0"/>
  </property>
  <property generated="never" lazy="false" name="buyloss" type="java.lang.String">
   <column name="BUYLOSS" precision="22" scale="0"/>
  </property>
  <property generated="never" lazy="false" name="sellloss" type="java.lang.String">
   <column name="SELLLOSS" precision="22" scale="0"/>
  </property>
  <property generated="never" lazy="false" name="netqty" type="java.lang.String">
   <column name="NETQTY" precision="22" scale="0"/>
  </property>
  <property generated="never" lazy="false" name="netloss" type="java.lang.String">
   <column name="NETLOSS" precision="22" scale="0"/>
  </property>
  <property generated="never" lazy="false" name="openpricebuy" type="java.lang.String">
   <column name="OPENPRICEBUY" precision="10"/>
  </property>
  <property generated="never" lazy="false" name="openpricesell" type="java.lang.String">
   <column name="OPENPRICESELL" precision="10"/>
  </property>
  <property generated="never" lazy="false" name="buyprice" type="java.lang.String">
   <column name="BUYPRICE" precision="10"/>
  </property>
  <property generated="never" lazy="false" name="sellprice" type="java.lang.String">
   <column name="SELLPRICE" precision="10"/>
  </property>    
 </class>
</hibernate-mapping>
