<?xml version="1.0" encoding="UTF-8"?>
<!DOCTYPE hibernate-mapping PUBLIC "-//Hibernate/Hibernate Mapping DTD 3.0//EN" "http://hibernate.sourceforge.net/hibernate-mapping-3.0.dtd">
<!-- 
    Mapping file autogenerated by MyEclipse Persistence Tools
-->
<hibernate-mapping>
  <class name="gnnt.MEBS.monitor.model.VCustomerlimitprice" table="V_CUSTOMERLIMITPRICE">
    <id name="orderno" type="java.lang.Long">
      <column name="ORDERNO" precision="15" scale="0"/>
    </id>
    <property name="firmid" type="java.lang.String">
      <column length="16" name="FIRMID"/>
    </property>
    <property name="customerno" type="java.lang.String">
      <column length="16" name="CUSTOMERNO"/>
    </property>
    <property name="holdno" type="java.lang.String">
      <column name="HOLDNO" precision="15" scale="0"/>
    </property>    
    <property name="customername" type="java.lang.String">
      <column length="128" name="CUSTOMERNAME"/>
    </property>
    <property name="memberno" type="java.lang.String">
      <column length="16" name="MEMBERNO"/>
    </property>
    <property name="organizationno" type="java.lang.String">
      <column length="16" name="ORGANIZATIONNO"/>
    </property>
    <property name="organizationname" type="java.lang.String">
      <column length="64" name="ORGANIZATIONNAME"/>
    </property>
    <property name="brokerageno" type="java.lang.String">
      <column length="16" name="BROKERAGENO"/>
    </property>
    <property name="managerno" type="java.lang.String">
      <column length="16" name="MANAGERNO"/>
    </property>
    <property name="commodityname" type="java.lang.String">
      <column length="32" name="COMMODITYNAME"/>
    </property>
    <property name="commodityid" type="java.lang.String">
      <column length="16" name="COMMODITYID"/>
    </property>
    <property name="bsFlag" type="java.lang.String">
      <column name="BS_FLAG" />
    </property>
    <property name="qty" type="java.lang.String">
      <column name="QTY" precision="10" scale="0"/>
    </property>
    <property name="price" type="java.lang.String">
      <column name="PRICE" precision="10"/>
    </property>
    <property name="stoplossprice" type="java.lang.String">
      <column name="STOPLOSSPRICE" precision="10"/>
    </property>
    <property name="stopprofitprice" type="java.lang.String">
      <column name="STOPPROFITPRICE" precision="10"/>
    </property>
    <property name="ordertimer" type="java.lang.String">
      <column name="ORDERTIMER"/>
    </property>
    <property name="orderday" type="java.lang.String">
      <column name="ORDERDAY"/>
    </property>    
    <property name="withdrawtime" type="java.util.Date">
      <column length="7" name="WITHDRAWTIME"/>
    </property>
    <property name="withdrawtype" type="java.lang.Integer">
      <column name="WITHDRAWTYPE" precision="2" scale="0"/>
    </property>
    <property name="status" type="java.lang.Integer">
      <column name="STATUS" precision="2" scale="0"/>
    </property>
    <property name="membername" type="java.lang.String">
      <column length="128" name="MEMBERNAME"/>
    </property>
  </class>
</hibernate-mapping>
