<?xml version="1.0" encoding="UTF-8"?>
<!DOCTYPE hibernate-mapping PUBLIC "-//Hibernate/Hibernate Mapping DTD 3.0//EN" "http://hibernate.sourceforge.net/hibernate-mapping-3.0.dtd">
<!-- 
    Mapping file autogenerated by MyEclipse Persistence Tools
-->
<hibernate-mapping package="gnnt.MEBS.monitor.model">
  <class name="VCustomerhold" table="V_CUSTOMERHOLD">
    <id name="holdno" type="java.lang.Long">
      <column name="HOLDNO" precision="15" scale="0"/>
    </id>
    <property name="firmid" type="java.lang.String">
      <column length="16" name="FIRMID"/>
    </property>
    <property name="customerno" type="java.lang.String">
      <column length="16" name="CUSTOMERNO"/>
    </property>    
    <property name="customname" type="java.lang.String">
      <column length="128" name="CUSTOMNAME"/>
    </property>
    <property name="commodityid" type="java.lang.String">
      <column length="16" name="COMMODITYID"/>
    </property>
    <property name="commodityname" type="java.lang.String">
      <column length="32" name="COMMODITYNAME"/>
    </property>
    <property name="organizationno" type="java.lang.String">
      <column length="32" name="ORGANIZATIONNO"/>
    </property>    
    <property name="organizationname" type="java.lang.String">
      <column length="64" name="ORGANIZATIONNAME"/>
    </property>
    <property name="managerno" type="java.lang.String">
      <column length="32" name="MANAGERNO"/>
    </property>        
    <property name="holdqty" type="java.lang.String">
      <column name="HOLDQTY" precision="10" scale="0"/>
    </property>
    <property name="stoplossprice" type="java.lang.String">
      <column name="STOPLOSSPRICE" precision="10"/>
    </property>
    <property name="stopprofitprice" type="java.lang.String">
      <column name="STOPPROFITPRICE" precision="10"/>
    </property>
    <property name="bsFlag" type="java.lang.String">
      <column name="BS_FLAG" />
    </property>
    <property name="holdday" type="java.lang.String">
      <column  name="HOLDday"/>
    </property>    
    <property name="holdtime" type="java.lang.String">
      <column  name="HOLDTIME"/>
    </property>
    <property name="OFirmid" type="java.lang.String">
      <column length="16" name="O_FIRMID"/>
    </property>
    <property name="memberno" type="java.lang.String">
      <column length="16" name="memberno"/>
    </property>    
    <property name="membername" type="java.lang.String">
      <column length="128" name="O_FIRMNAME"/>
    </property>
    <property name="openprice" type="java.lang.String">
      <column name="OPENPRICE" precision="10" scale="2"/>
    </property>
    <property name="holdprice" type="java.lang.String">
      <column name="HOLDPRICE" precision="10"/>
    </property>
    <property name="price" type="java.lang.String">
      <column name="PRICE" precision="22" scale="0"/>
    </property>
    <property name="floatingloss" type="java.lang.String">
      <column name="FLOATINGLOSS" precision="15"/>
    </property>
    <property name="holdmargin" type="java.lang.String">
      <column name="HOLDMARGIN" precision="15"/>
    </property>    
    <property name="tradefee" type="java.lang.String">
      <column name="TRADEFEE" precision="15"/>
    </property>
    <property name="delayfee" type="java.lang.String">
      <column name="DELAYFEE" precision="22" scale="0"/>
    </property>
  </class>
</hibernate-mapping>
