<?xml version="1.0" encoding="UTF-8"?>
<!DOCTYPE hibernate-mapping PUBLIC "-//Hibernate/Hibernate Mapping DTD 3.0//EN" "http://hibernate.sourceforge.net/hibernate-mapping-3.0.dtd">
<!-- 
    Mapping file autogenerated by MyEclipse Persistence Tools
-->
<hibernate-mapping>
  <class name="gnnt.MEBS.monitor.model.VMemberfund"  table="V_MEMBERFUND">
    <id name="memberno" type="java.lang.String">
      <column length="16" name="MEMBERNO"/>
    </id>
    <property name="lastbalance" type="java.lang.String">
      <column name="LASTBALANCE" precision="15"/>
    </property>    
    <property name="flAccept" type="java.lang.String">
      <column name="FL_ACCEPT" precision="15"/>
    </property>
    <property name="flHedge" type="java.lang.String">
      <column name="FL_HEDGE" precision="15"/>
    </property>
    <property name="netfl" type="java.lang.String">
      <column name="NETFL" precision="15"/>
    </property>
    <property name="balance" type="java.lang.String">
      <column name="BALANCE" precision="15"/>
    </property>
    <property name="frozenth" type="java.lang.String">
      <column name="FROZENTH" precision="15" scale="4"/>
    </property>
    <property name="freebalance" type="java.lang.String">
      <column name="FREEBALANCE" precision="22" scale="0"/>
    </property>
    <property name="riskrate" type="java.lang.String">
      <column name="RISKRATE" precision="22" scale="0"/>
    </property>    
    <property name="status" type="java.lang.String">
      <column length="1" name="STATUS"/>
    </property>
  </class>
</hibernate-mapping>
