<?xml version="1.0" encoding="UTF-8"?>
<!DOCTYPE hibernate-mapping PUBLIC "-//Hibernate/Hibernate Mapping DTD 3.0//EN" "http://hibernate.sourceforge.net/hibernate-mapping-3.0.dtd">
<!-- 
    Mapping file autogenerated by MyEclipse Persistence Tools
-->
<hibernate-mapping package="gnnt.MEBS.monitor.model">
  <class name="VMemberclosesum" table="V_MEMBERCLOSESUM">
    <id name="commodityname" type="java.lang.String">
      <column length="32" name="COMMODITYNAME"/>
    </id>
    <property name="buyqty" type="java.lang.String">
      <column name="BUYQTY" precision="22" scale="0"/>
    </property>
    <property name="buyopenprice" type="java.lang.String">
      <column name="BUYOPENPRICE" precision="22" scale="0"/>
    </property>
    <property name="buyholdprice" type="java.lang.String">
      <column name="BUYHOLDPRICE" precision="22" scale="0"/>
    </property>    
    <property name="buycloseprice" type="java.lang.String">
      <column name="BUYCLOSEPRICE" precision="22" scale="0"/>
    </property>
    <property name="buyclosepl" type="java.lang.String">
      <column name="BUYCLOSEPL" precision="22" scale="0"/>
    </property>
    <property name="sellqty" type="java.lang.String">
      <column name="SELLQTY" precision="22" scale="0"/>
    </property>
    <property name="sellopenprice" type="java.lang.String">
      <column name="SELLOPENPRICE" precision="22" scale="0"/>
    </property>
    <property name="sellholdprice" type="java.lang.String">
      <column name="SELLHOLDPRICE" precision="22" scale="0"/>
    </property>    
    <property name="sellcloseprice" type="java.lang.String">
      <column name="SELLCLOSEPRICE" precision="22" scale="0"/>
    </property>
    <property name="sellclosepl" type="java.lang.String">
      <column name="SELLCLOSEPL" precision="22" scale="0"/>
    </property>
    <property name="tradefee" type="java.lang.String">
      <column name="TRADEFEE" precision="22" scale="0"/>
    </property>
    <property name="netqty" type="java.lang.String">
      <column name="NETQTY" precision="22" scale="0"/>
    </property>
    <property name="allpl" type="java.lang.String">
      <column name="ALLPL" precision="22" scale="0"/>
    </property>
    <property name="netpl" type="java.lang.String">
      <column name="NETPL" precision="22" scale="0"/>
    </property>
  </class>
</hibernate-mapping>
