<?xml version="1.0" encoding="UTF-8"?>
<!DOCTYPE hibernate-mapping PUBLIC "-//Hibernate/Hibernate Mapping DTD 3.0//EN" "http://hibernate.sourceforge.net/hibernate-mapping-3.0.dtd">
<!-- 
    Mapping file autogenerated by MyEclipse Persistence Tools
-->

<hibernate-mapping>
  <class name="gnnt.MEBS.monitor.model.VOnlineMonitor" table="V_ONLINEMONITOR">
    <id name="traderid" type="java.lang.String">
      <column length="20" name="TRADERID"/>
    </id>
    <property name="tradername" type="java.lang.String">
      <column length="32" name="TRADERNAME"/>
    </property>
    <property name="memberno" type="java.lang.String">
      <column length="20" name="MEMBERNO"/>
    </property>
    <property name="traderip" type="java.lang.String">
      <column length="32" name="TRADERIP"/>
    </property>
    <property name="onlinetime" type="java.lang.String">
      <column length="32" name="ONLINETIME"/>
    </property>
    <property name="tradercatalog" type="java.lang.String">
      <column length="32" name="TRADERCATALOG"/>
    </property>
  </class>
</hibernate-mapping>
