<?xml version="1.0" encoding="GBK"?>
<!DOCTYPE hibernate-mapping PUBLIC "-//Hibernate/Hibernate Mapping DTD 3.0//EN"
"http://hibernate.sourceforge.net/hibernate-mapping-3.0.dtd">
	<!--
	Mapping file autogenerated by MyEclipse Persistence Tools
-->
<hibernate-mapping package="gnnt.MEBS.integrated.mgr.model.noticeandmessage">
	<class name="Message" table="M_Message" dynamic-update="true" lazy="false">
		<id name="messageId" type="java.lang.Integer">
			<column name="MessageID" />
			<generator class="native">
				<param name="sequence">SEQ_M_MESSAGE</param>
			</generator>
		</id>
		<property name="message"></property>
		<property name="createTime"></property>
		<property name="userId" ></property>
		<property name="recieverType"></property>
		<property name="traderId"></property>
	</class>
</hibernate-mapping>
