<?xml version="1.0" encoding="GBK"?>
<!DOCTYPE hibernate-mapping PUBLIC "-//Hibernate/Hibernate Mapping DTD 3.0//EN"
"http://hibernate.sourceforge.net/hibernate-mapping-3.0.dtd">
	<!--
	Mapping file autogenerated by MyEclipse Persistence Tools
-->
<hibernate-mapping package="gnnt.MEBS.integrated.mgr.model.noticeandmessage">
	<class name="Notice" table="M_Notice" dynamic-update="true" lazy="false">
		<id name="noticeId" type="java.lang.Integer">
			<column name="NoticeID" />
			<generator class="sequence">
				<param name="sequence">SEQ_M_NOTICE</param>
			</generator>
		</id>
		<property name="title"></property>
		<property name="content"></property>
		<property name="createTime"></property>
		<property name="userId" ></property>
	</class>
</hibernate-mapping>
