<?xml version="1.0" encoding="utf-8"?>
<!DOCTYPE hibernate-mapping PUBLIC "-//Hibernate/Hibernate Mapping DTD 3.0//EN"
                                   "http://hibernate.sourceforge.net/hibernate-mapping-3.0.dtd">
<!-- Mapping file autogenerated by MyEclipse Persistence Tools -->
<hibernate-mapping package="gnnt.MEBS.settlement.model">

	<class name="Firm" table="M_Firm"
		dynamic-update="true">
		<id name="firmId" type="java.lang.String">
		   <column name="FirmID" />
			<generator class="assigned">
			</generator>
		</id>
		<property  name="firmName" column="name"></property>
		<property  name="firmType"></property>
	</class>
</hibernate-mapping>
