<?xml version="1.0" encoding="GBK"?>
<!DOCTYPE hibernate-mapping PUBLIC "-//Hibernate/Hibernate Mapping DTD 3.0//EN"
"http://hibernate.sourceforge.net/hibernate-mapping-3.0.dtd">
	<!--
		Mapping file autogenerated by MyEclipse - Hibernate Tools
	-->
<hibernate-mapping>
	<class name="gnnt.MEBS.integrated.mgr.model.usermanage.ErrorLoginLog" table="W_ErrorLoginLog" lazy="false" dynamic-update="true" dynamic-insert="true">
		<id name="errorLoginID" type="java.lang.Long">
		</id>
		<property name="userID"/>
		<property name="loginDate" />
		<property name="warehouseID" />
		<property name="Ip" />

	</class>
</hibernate-mapping>
