<?xml version="1.0"?>
<!DOCTYPE hibernate-mapping PUBLIC "-//Hibernate/Hibernate Mapping DTD 3.0//EN"
"http://hibernate.sourceforge.net/hibernate-mapping-3.0.dtd">
<!-- 
    Mapping file autogenerated by MyEclipse - Hibernate Tools
-->
<hibernate-mapping>
    <class name="gnnt.MEBS.common.model.CustomerAdminRelateOrganization" table="v_customeradminrelateorg">
    	<composite-id>
			<key-property name="traderId" type="java.lang.String">
				<column name="traderId"></column>
			</key-property>
			<key-property name="organizationNo" type="java.lang.String">
				<column name="organizationNo"></column>
			</key-property>
			<key-property name="actualOrganizationNo" type="java.lang.String">
				<column name="actualOrganizationNo"></column>
			</key-property>
		</composite-id>
    </class>
</hibernate-mapping>
