<?xml version="1.0"?>
<!DOCTYPE hibernate-mapping PUBLIC "-//Hibernate/Hibernate Mapping DTD 3.0//EN"
"http://hibernate.sourceforge.net/hibernate-mapping-3.0.dtd">
<!-- 
    Mapping file autogenerated by MyEclipse - Hibernate Tools
-->
<hibernate-mapping>
    <class name="gnnt.MEBS.common.model.Role" table="C_M_ROLE" >
        <id name="id" type="java.lang.Long">
            <column name="ID"/>
            <generator class="native" >
            <param name="sequence">seq_c_m_role</param>
            </generator>
        </id>
        <property name="name" type="java.lang.String">
            <column name="NAME" length="128" />
        </property>
        <property name="description" type="java.lang.String">
            <column name="DESCRIPTION" length="512" />
        </property>
        
        <property name="memberNo" type="java.lang.String">
            <column name="memberId" length="512" />
        </property>
       
       <property name="type" type="java.lang.String">
            <column name="type"/>
        </property>
       
        <set name="rightSet" table="C_M_ROLE_RIGHT" cascade="none" lazy="false" fetch="select">
        <key column="ROLEID"/>
        <many-to-many class="gnnt.MEBS.common.model.Right" column="RIGHTID"/>
        </set>
        <set name="userSet" table="C_M_USER_ROLE" cascade="none" lazy="false" fetch="select">
        <key column="ROLEID"/>
        <many-to-many class="gnnt.MEBS.common.model.User" column="USERID"/>
        </set>
    </class>
</hibernate-mapping>
