<?xml version="1.0" encoding="utf-8"?>
<!DOCTYPE hibernate-mapping PUBLIC "-//Hibernate/Hibernate Mapping DTD 3.0//EN"
                                   "http://hibernate.sourceforge.net/hibernate-mapping-3.0.dtd">
<!-- Mapping file autogenerated by MyEclipse Persistence Tools -->
<hibernate-mapping package="gnnt.MEBS.globalLog.model">
	<class dynamic-update="true" name="OperateLog" table="c_globallog_all">
		<id name="id" type="java.lang.Long">
			<generator class="native">
				<param name="sequence">SEQ_C_GLOBALLOG</param>
			</generator>
		</id>
		<property  name="operator" />
		<property  name="operateDate" column="operateTime"/>
		<property  name="operateLogType" column="operateType"/>
		<property  name="operatorType" column="operatorType"/>
		<property  name="operateIp" />
		<property  name="operateContent" />
		<property  name="mark" />
		<property  name="currentValue" />
	</class>
</hibernate-mapping>
