<?xml version="1.0" encoding="utf-8"?>
<!DOCTYPE hibernate-mapping PUBLIC "-//Hibernate/Hibernate Mapping DTD 3.0//EN"
                                   "http://hibernate.sourceforge.net/hibernate-mapping-3.0.dtd">
<hibernate-mapping>
 <!-- 
    Created by the Middlegen Hibernate plugin

    http://boss.bekk.no/boss/middlegen/
    http://hibernate.sourceforge.net/
-->
 <class name="cn.com.agree.eteller.afa.persistence.AfaActnoadm" table="AFA_ACTNOADM">
  <composite-id
   class="cn.com.agree.eteller.afa.persistence.AfaActnoadmPK"
   mapped="false" name="comp_id" unsaved-value="undefined">
   <key-property column="SYSID" length="6" name="sysid" type="java.lang.String"/>
   <key-property column="UNITNO" length="8" name="unitno" type="java.lang.String"/>
   <key-property column="SUBUNITNO" length="8" name="subunitno" type="java.lang.String"/>
   <key-property column="AGENTFLAG" length="2" name="agentflag" type="java.lang.String"/>
   <key-property column="ZONENO" length="6" name="zoneno" type="java.lang.String"/>
   <key-property column="ZHNO" length="6" name="zhno" type="java.lang.String"/>
   <key-property column="CHANNELCODE" length="3" name="channelcode" type="java.lang.String"/>
   <key-property column="ACTTYPECODE" length="3" name="acttypecode" type="java.lang.String"/>
  </composite-id>
  <property column="BUSIMODE" generated="never" lazy="false" length="1"
   name="busimode" not-null="true" type="java.lang.String"/>
  <property column="CHKACCPWDCTL" generated="never" lazy="false"
   length="1" name="chkaccpwdctl" type="java.lang.String"/>
  <property column="ENPACCPWDCTL" generated="never" lazy="false"
   length="1" name="enpaccpwdctl" type="java.lang.String"/>
  <property column="HOSTTYPE" generated="never" lazy="false" length="1"
   name="hosttype" type="java.lang.String"/>
  <property column="STATUS" generated="never" lazy="false" length="1"
   name="status" type="java.lang.String"/>
  <property column="CHKACCLOCALCTL" generated="never" lazy="false"
   length="1" name="chkacclocalctl" type="java.lang.String"/>
  <!-- associations -->
 </class>
</hibernate-mapping>
