<?xml version="1.0" encoding="utf-8"?>
<!DOCTYPE hibernate-mapping PUBLIC "-//Hibernate/Hibernate Mapping DTD 3.0//EN"
                                   "http://hibernate.sourceforge.net/hibernate-mapping-3.0.dtd">
<hibernate-mapping>
 <!-- 
    Created by the Middlegen Hibernate plugin

    http://boss.bekk.no/boss/middlegen/
    http://hibernate.sourceforge.net/
-->
 <class name="cn.com.agree.eteller.afa.persistence.AfaBranchcode" table="AFA_BRANCHCODE">
  <composite-id
   class="cn.com.agree.eteller.afa.persistence.AfaBranchcodePK"
   mapped="false" name="comp_id" unsaved-value="undefined">
   <key-property column="SYSID" length="6" name="sysid" type="java.lang.String"/>
   <key-property column="UNITNO" length="8" name="unitno" type="java.lang.String"/>
   <key-property column="ZONENO" length="6" name="zoneno" type="java.lang.String"/>
   <key-property column="BRANCHNO" length="6" name="branchno" type="java.lang.String"/>
  </composite-id>
  <property column="SETTLEBRNO" generated="never" lazy="false"
   length="6" name="settlebrno" type="java.lang.String"/>
  <property column="BRANCHCODE" generated="never" lazy="false"
   length="20" name="branchcode" not-null="true" type="java.lang.String"/>
  <property column="BRANCHNAMES" generated="never" lazy="false"
   length="20" name="branchnames" type="java.lang.String"/>
  <property column="BRANCHNAME" generated="never" lazy="false"
   length="100" name="branchname" type="java.lang.String"/>
  <property column="NOTE1" generated="never" lazy="false" length="100"
   name="note1" type="java.lang.String"/>
  <property column="NOTE2" generated="never" lazy="false" length="30"
   name="note2" type="java.lang.String"/>
  <!-- associations -->
 </class>
</hibernate-mapping>
