<?xml version="1.0" encoding="utf-8"?>
<!DOCTYPE hibernate-mapping PUBLIC "-//Hibernate/Hibernate Mapping DTD 3.0//EN"
                                   "http://hibernate.sourceforge.net/hibernate-mapping-3.0.dtd">
<hibernate-mapping>
 <!-- 
    Created by the Middlegen Hibernate plugin

    http://boss.bekk.no/boss/middlegen/
    http://hibernate.sourceforge.net/
-->
 <class name="cn.com.agree.eteller.afa.persistence.AfaChanneladm" table="AFA_CHANNELADM">
  <composite-id
   class="cn.com.agree.eteller.afa.persistence.AfaChanneladmPK"
   mapped="false" name="comp_id" unsaved-value="undefined">
   <key-property column="SYSID" length="6" name="sysid" type="java.lang.String"/>
   <key-property column="UNITNO" length="8" name="unitno" type="java.lang.String"/>
   <key-property column="SUBUNITNO" length="8" name="subunitno" type="java.lang.String"/>
   <key-property column="AGENTFLAG" length="2" name="agentflag" type="java.lang.String"/>
   <key-property column="ZONENO" length="6" name="zoneno" type="java.lang.String"/>
   <key-property column="ZHNO" length="6" name="zhno" type="java.lang.String"/>
   <key-property column="CHANNELCODE" length="3" name="channelcode" type="java.lang.String"/>
  </composite-id>
  <property column="BUSIMODE" generated="never" lazy="false" length="1"
   name="busimode" not-null="true" type="java.lang.String"/>
  <property column="AGENTBRNO" generated="never" lazy="false"
   length="20" name="agentbrno" type="java.lang.String"/>
  <property column="AGENTTELLER" generated="never" lazy="false"
   length="20" name="agentteller" type="java.lang.String"/>
  <property column="MAXAMOUNT" generated="never" lazy="false"
   length="15" name="maxamount" type="java.lang.String"/>
  <property column="TOTALAMOUNT" generated="never" lazy="false"
   length="15" name="totalamount" type="java.lang.String"/>
  <property column="BILLSAVECTL" generated="never" lazy="false"
   length="1" name="billsavectl" type="java.lang.String"/>
  <property column="AUTOREVTRANCTL" generated="never" lazy="false"
   length="1" name="autorevtranctl" type="java.lang.String"/>
  <property column="ERRCHKCTL" generated="never" lazy="false" length="1"
   name="errchkctl" type="java.lang.String"/>
  <property column="CHANNELSTATUS" generated="never" lazy="false"
   length="1" name="channelstatus" type="java.lang.String"/>
  <property column="AUTOCHKACCT" generated="never" lazy="false"
   length="1" name="autochkacct" type="java.lang.String"/>
  <property column="FLAG1" generated="never" lazy="false" length="1"
   name="flag1" type="java.lang.String"/>
  <property column="FLAG2" generated="never" lazy="false" length="1"
   name="flag2" type="java.lang.String"/>
  <property column="FLAG3" generated="never" lazy="false" length="1"
   name="flag3" type="java.lang.String"/>
  <property column="FLAG4" generated="never" lazy="false" length="1"
   name="flag4" type="java.lang.String"/>
  <property column="NOTE1" generated="never" lazy="false" length="20"
   name="note1" type="java.lang.String"/>
  <property column="NOTE2" generated="never" lazy="false" length="60"
   name="note2" type="java.lang.String"/>
  <!-- associations -->
 </class>
</hibernate-mapping>
