<?xml version="1.0" encoding="utf-8"?>
<!DOCTYPE hibernate-mapping PUBLIC "-//Hibernate/Hibernate Mapping DTD 3.0//EN"
                                   "http://hibernate.sourceforge.net/hibernate-mapping-3.0.dtd">
<hibernate-mapping>
 <!-- 
    Created by the Middlegen Hibernate plugin

    http://boss.bekk.no/boss/middlegen/
    http://hibernate.sourceforge.net/
-->
 <class name="cn.com.agree.eteller.afa.persistence.AfaFeeinfo" table="AFA_FEEINFO">
  <composite-id mapped="false" unsaved-value="undefined">
   <key-property column="SYSID" length="8" name="sysid" type="java.lang.String"/>
   <key-property column="UNITNO" length="10" name="unitno" type="java.lang.String"/>
   <key-property column="SUBUNITNO" length="10" name="subunitno" type="java.lang.String"/>
   <key-property column="FEEFLAG" length="2" name="feeflag" type="java.lang.String"/>
   <key-property column="ACCTYPE" length="1" name="acctype" type="java.lang.String"/>
   <key-property column="AMOUNT" length="20" name="amount" type="java.lang.String"/>
   <key-property column="NOTE1" length="20" name="note1" type="java.lang.String"/>
   <key-property column="NOTE2" length="20" name="note2" type="java.lang.String"/>
  </composite-id>
  <!-- associations -->
 </class>
</hibernate-mapping>
