<?xml version="1.0" encoding="utf-8"?>
<!DOCTYPE hibernate-mapping PUBLIC "-//Hibernate/Hibernate Mapping DTD 3.0//EN"
                                   "http://hibernate.sourceforge.net/hibernate-mapping-3.0.dtd">
<hibernate-mapping>
 <!-- 
    Created by the Middlegen Hibernate plugin

    http://boss.bekk.no/boss/middlegen/
    http://hibernate.sourceforge.net/
-->
 <class name="cn.com.agree.eteller.afa.persistence.AfaHolidayadm" table="AFA_HOLIDAYADM">
  <composite-id
   class="cn.com.agree.eteller.afa.persistence.AfaHolidayadmPK"
   mapped="false" name="comp_id" unsaved-value="undefined">
   <key-property column="SYSID" length="6" name="sysid" type="java.lang.String"/>
   <key-property column="UNITNO" length="8" name="unitno" type="java.lang.String"/>
   <key-property column="HOLIDAY" length="8" name="holiday" type="java.lang.String"/>
  </composite-id>
  <property column="STARTTIM" generated="never" lazy="false" length="6"
   name="starttim" type="java.lang.String"/>
  <property column="STOPTIME" generated="never" lazy="false" length="6"
   name="stoptime" type="java.lang.String"/>
  <property column="WEEK" generated="never" lazy="false" length="10"
   name="week" type="java.lang.String"/>
  <property column="HOLIDAYNAME" generated="never" lazy="false"
   length="60" name="holidayname" type="java.lang.String"/>
  <property column="NOTE1" generated="never" lazy="false" length="20"
   name="note1" type="java.lang.String"/>
  <property column="NOTE2" generated="never" lazy="false" length="20"
   name="note2" type="java.lang.String"/>
  <property column="NOTE3" generated="never" lazy="false" length="40"
   name="note3" type="java.lang.String"/>
  <property column="NOTE4" generated="never" lazy="false" length="60"
   name="note4" type="java.lang.String"/>
  <!-- associations -->
 </class>
</hibernate-mapping>
