<?xml version="1.0" encoding="utf-8"?>
<!DOCTYPE hibernate-mapping PUBLIC "-//Hibernate/Hibernate Mapping DTD 3.0//EN"
                                   "http://hibernate.sourceforge.net/hibernate-mapping-3.0.dtd">
<hibernate-mapping>
 <!-- 
    Created by the Middlegen Hibernate plugin

    http://boss.bekk.no/boss/middlegen/
    http://hibernate.sourceforge.net/
-->
 <class name="cn.com.agree.eteller.afa.persistence.AfaTradeadm" table="AFA_TRADEADM">
  <composite-id
   class="cn.com.agree.eteller.afa.persistence.AfaTradeadmPK"
   mapped="false" name="comp_id" unsaved-value="undefined">
   <key-property column="SYSID" length="6" name="sysid" type="java.lang.String"/>
   <key-property column="UNITNO" length="8" name="unitno" type="java.lang.String"/>
   <key-property column="SUBUNITNO" length="8" name="subunitno" type="java.lang.String"/>
   <key-property column="TRXCODE" length="6" name="trxcode" type="java.lang.String"/>
  </composite-id>
  <property column="BUSIMODE" generated="never" lazy="false" length="1"
   name="busimode" not-null="true" type="java.lang.String"/>
  <property column="TRXNAME" generated="never" lazy="false" length="60"
   name="trxname" type="java.lang.String"/>
  <property column="STARTTIME" generated="never" lazy="false" length="6"
   name="starttime" type="java.lang.String"/>
  <property column="STOPTIME" generated="never" lazy="false" length="6"
   name="stoptime" type="java.lang.String"/>
  <property column="TRADEMODE" generated="never" lazy="false" length="1"
   name="trademode" type="java.lang.String"/>
  <property column="STATUS" generated="never" lazy="false" length="1"
   name="status" not-null="true" type="java.lang.String"/>
  <property column="BANKREQ" generated="never" lazy="false" length="1"
   name="bankreq" type="java.lang.String"/>
  <property column="UNITREQ" generated="never" lazy="false" length="1"
   name="unitreq" type="java.lang.String"/>
  <property column="ACCPWDFLAG" generated="never" lazy="false"
   length="1" name="accpwdflag" type="java.lang.String"/>
  <property column="TRADEPWDFLAG" generated="never" lazy="false"
   length="1" name="tradepwdflag" type="java.lang.String"/>
  <property column="CHANNELCODE" generated="never" lazy="false"
   length="16" name="channelcode" type="java.lang.String"/>
  <property column="TRADEDESC" generated="never" lazy="false"
   length="16" name="tradedesc" type="java.lang.String"/>
  <property column="ERRTYPE" generated="never" lazy="false" length="1"
   name="errtype" type="java.lang.String"/>
  <property column="NOTE1" generated="never" lazy="false" length="10"
   name="note1" type="java.lang.String"/>
  <property column="NOTE2" generated="never" lazy="false" length="20"
   name="note2" type="java.lang.String"/>
  <!-- associations -->
 </class>
</hibernate-mapping>
