<?xml version="1.0" encoding="utf-8"?>
<!DOCTYPE hibernate-mapping PUBLIC "-//Hibernate/Hibernate Mapping DTD 3.0//EN"
                                   "http://hibernate.sourceforge.net/hibernate-mapping-3.0.dtd">
<hibernate-mapping>
 <!-- 
    Created by the Middlegen Hibernate plugin

    http://boss.bekk.no/boss/middlegen/
    http://hibernate.sourceforge.net/
-->
 <class name="cn.com.agree.eteller.afa.persistence.AfaUnitebrach" table="AFA_UNITEBRANCH">
  <id column="BRANCHNO" name="branchno" type="java.lang.String">
   <generator class="assigned"/>
  </id>
  <property column="NEWBRANCHNO" generated="never" lazy="false"
   length="6" name="newbranchno" type="java.lang.String"/>
  <property column="BRDATE" generated="never" lazy="false" length="8"
   name="brdate" type="java.lang.String"/>
  <property column="NOTE1" generated="never" lazy="false" length="30"
   name="note1" type="java.lang.String"/>
  <property column="NOTE2" generated="never" lazy="false" length="30"
   name="note2" type="java.lang.String"/>
  <!-- associations -->
 </class>
</hibernate-mapping>
