<?xml version="1.0" encoding="utf-8"?>
<!DOCTYPE hibernate-mapping PUBLIC "-//Hibernate/Hibernate Mapping DTD 3.0//EN"
                                   "http://hibernate.sourceforge.net/hibernate-mapping-3.0.dtd">
<hibernate-mapping>
 <!-- 
    Created by the Middlegen Hibernate plugin

    http://boss.bekk.no/boss/middlegen/
    http://hibernate.sourceforge.net/
-->
 <class name="cn.com.agree.eteller.afa.persistence.AfaZhbrnoinfo" table="AFA_ZHBRNOINFO">
  <composite-id
   class="cn.com.agree.eteller.afa.persistence.AfaZhbrnoinfoPK"
   mapped="false" name="comp_id" unsaved-value="undefined">
   <key-property column="ZHNO" length="6" name="zhno" type="java.lang.String"/>
   <key-property column="BRNO" length="6" name="brno" type="java.lang.String"/>
  </composite-id>
  <property column="BRNAME" generated="never" lazy="false" length="60"
   name="brname" type="java.lang.String"/>
  <property column="NOTE1" generated="never" lazy="false" length="10"
   name="note1" type="java.lang.String"/>
  <property column="NOTE2" generated="never" lazy="false" length="10"
   name="note2" type="java.lang.String"/>
  <!-- associations -->
 </class>
</hibernate-mapping>
