<?xml version="1.0" encoding="utf-8"?>
<!DOCTYPE hibernate-mapping PUBLIC "-//Hibernate/Hibernate Mapping DTD 3.0//EN"
                                   "http://hibernate.sourceforge.net/hibernate-mapping-3.0.dtd">
<hibernate-mapping>
 <!-- 
    Created by the Middlegen Hibernate plugin

    http://boss.bekk.no/boss/middlegen/
    http://hibernate.sourceforge.net/
-->
 <class name="cn.com.agree.eteller.afa.persistence.CredSubbusisysinfo" table="CRED_SUBBUSISYSINFO">
  <composite-id
   class="cn.com.agree.eteller.afa.persistence.CredSubbusisysinfoPK"
   mapped="false" name="comp_id" unsaved-value="undefined">
   <key-property column="SYSID" length="6" name="sysid" type="java.lang.String"/>
   <key-property column="UNITNO" length="8" name="unitno" type="java.lang.String"/>
   <key-property column="SUBUNITNO" length="8" name="subunitno" type="java.lang.String"/>
   <key-property column="TRADETYPE" length="15" name="tradetype" type="java.lang.String"/>
  </composite-id>
  <property column="CHANNELID" generated="never" lazy="false" length="2"
   name="channelid" not-null="true" type="java.lang.String"/>
  <property column="TRADESOURCE" generated="never" lazy="false"
   length="2" name="tradesource" not-null="true" type="java.lang.String"/>
  <property column="FILETYPE" generated="never" lazy="false" length="10"
   name="filetype" not-null="true" type="java.lang.String"/>
  <property column="FILENAME" generated="never" lazy="false" length="30"
   name="filename" not-null="true" type="java.lang.String"/>
  <property column="PROCODE" generated="never" lazy="false" length="12"
   name="procode" type="java.lang.String"/>
  <property column="POSMODE" generated="never" lazy="false" length="3"
   name="posmode" type="java.lang.String"/>
  <property column="ACQINSTID" generated="never" lazy="false"
   length="11" name="acqinstid" type="java.lang.String"/>
  <property column="FWDINSTID" generated="never" lazy="false"
   length="11" name="fwdinstid" type="java.lang.String"/>
  <property column="OPERCODE" generated="never" lazy="false" length="12"
   name="opercode" type="java.lang.String"/>
  <property column="NOTE1" generated="never" lazy="false" length="100"
   name="note1" type="java.lang.String"/>
  <property column="NOTE2" generated="never" lazy="false" length="100"
   name="note2" type="java.lang.String"/>
  <property column="NOTE3" generated="never" lazy="false" length="100"
   name="note3" type="java.lang.String"/>
  <property column="NOTE4" generated="never" lazy="false" length="100"
   name="note4" type="java.lang.String"/>
  <property column="NOTE5" generated="never" lazy="false" length="200"
   name="note5" type="java.lang.String"/>
  <property column="BUSISYSUNITNO" generated="never" lazy="false"
   length="20" name="busisysunitno" type="java.lang.String"/>
  <property column="BUSISYSUNITTYPE" generated="never" lazy="false"
   length="10" name="busisysunittype" type="java.lang.String"/>
  <property column="BUSISYSUNITZONENO" generated="never" lazy="false"
   length="10" name="busisysunitzoneno" type="java.lang.String"/>
  <property column="BUSISYSSUBUNITNO" generated="never" lazy="false"
   length="15" name="busisyssubunitno" type="java.lang.String"/>
  <!-- associations -->
 </class>
</hibernate-mapping>
