<?xml version="1.0" encoding="utf-8"?>
<!DOCTYPE hibernate-mapping PUBLIC "-//Hibernate/Hibernate Mapping DTD 3.0//EN"
                                   "http://hibernate.sourceforge.net/hibernate-mapping-3.0.dtd">
<hibernate-mapping>
 <!-- 
    Created by the Middlegen Hibernate plugin

    http://boss.bekk.no/boss/middlegen/
    http://hibernate.sourceforge.net/
-->
 <class name="cn.com.agree.eteller.afa.persistence.GdbHostabsinfo" table="GDB_HOSTABSINFO">
  <composite-id
   class="cn.com.agree.eteller.afa.persistence.GdbHostabsinfoPK"
   mapped="false" name="comp_id" unsaved-value="undefined">
   <key-property column="HOSTTYPE" length="2" name="hosttype" type="java.lang.String"/>
   <key-property column="BANKUNITNO" length="4" name="bankunitno" type="java.lang.String"/>
   <key-property column="SAVEFLAG" length="2" name="saveflag" type="java.lang.String"/>
   <key-property column="AGENTFLAG" length="2" name="agentflag" type="java.lang.String"/>
  </composite-id>
  <property column="ACCTTABS" generated="never" lazy="false" length="30"
   name="accttabs" not-null="true" type="java.lang.String"/>
  <property column="PRTABS" generated="never" lazy="false" length="30"
   name="prtabs" not-null="true" type="java.lang.String"/>
  <property column="NOTE1" generated="never" lazy="false" length="30"
   name="note1" type="java.lang.String"/>
  <property column="NOTE2" generated="never" lazy="false" length="60"
   name="note2" type="java.lang.String"/>
  <!-- associations -->
 </class>
</hibernate-mapping>
