<?xml version="1.0"?>
<!DOCTYPE hibernate-mapping PUBLIC "-//Hibernate/Hibernate Mapping DTD 3.0//EN"
"http://hibernate.sourceforge.net/hibernate-mapping-3.0.dtd">
<!-- 
    Mapping file autogenerated by MyEclipse - Hibernate Tools
-->
<hibernate-mapping package="gnnt.MEBS.finance.mgr.model">
  <class name="FirmAndBroker" table="BR_FIRMANDBROKER" dynamic-update="true" lazy="false">
		<id name="firmID" >
		  <generator class="assigned"></generator>
		</id>
		<property name="brokerID" ></property>
		<property name="bindTime" ></property>
	</class>
</hibernate-mapping>
