<?xml version="1.0" encoding="GBK"?>
<!DOCTYPE hibernate-mapping PUBLIC "-//Hibernate/Hibernate Mapping DTD 3.0//EN"
"http://www.hibernate.org/dtd/hibernate-mapping-3.0.dtd">
<!-- 
    Mapping file autogenerated by MyEclipse Persistence Tools
-->
<hibernate-mapping>
    <class name="gnnt.MEBS.bill.front.model.stockmanage.BiInvoiceinform" table="bi_invoiceinform" lazy="false" dynamic-update="true" dynamic-insert="true">
        <id name="stockid" type="java.lang.String">
            <column name="stockid" length="16" />
            <generator class="assigned" />
        </id>
        <property name="invoicetype" type="java.lang.String">
            <column name="invoicetype" length="1" />
        </property>
        <property name="companyname" type="java.lang.String">
            <column name="companyname" length="100" />
        </property>
        <property name="address" type="java.lang.String">
            <column name="address" length="200" />
        </property>
        <property name="dutyparagraph" type="java.lang.String">
            <column name="dutyparagraph" length="32" />
        </property>
        <property name="bank" type="java.lang.String">
            <column name="bank" length="32" />
        </property>
        <property name="bankaccount" type="java.lang.String">
            <column name="bankaccount" length="32" />
        </property>
        <property name="name" type="java.lang.String">
            <column name="name" length="32" />
        </property>
        <property name="phone" type="java.lang.String">
            <column name="phone" length="16" />
        </property>
    </class>
</hibernate-mapping>
