<?xml version="1.0" encoding="GBK"?>
<!DOCTYPE hibernate-mapping PUBLIC "-//Hibernate/Hibernate Mapping DTD 3.0//EN"
"http://hibernate.sourceforge.net/hibernate-mapping-3.0.dtd">
	<!--
	Mapping file autogenerated by MyEclipse Persistence Tools
-->
<hibernate-mapping package="gnnt.MEBS.bill.front.model.stockmanage">
	<class name="FrozenStock" table="BI_FrozenStock" dynamic-update="true" lazy="false">
		<id name="frozenStockId" type="java.lang.Long">
			<column name="frozenStockId" />
			<generator class="native">
				<param name="sequence">SEQ_BI_FROZENSTOCK</param>
			</generator>
		</id>
		<many-to-one name="stock" class="Stock" column="stockId"></many-to-one>
		<property name="moduleId"></property>
		<property name="createTime" ></property>
		<property name="releaseTime" ></property>
		<property name="status"></property>
	</class>
</hibernate-mapping>
