<?xml version="1.0" encoding="GBK"?>
<!DOCTYPE hibernate-mapping PUBLIC "-//Hibernate/Hibernate Mapping DTD 3.0//EN"
"http://hibernate.sourceforge.net/hibernate-mapping-3.0.dtd">
	<!--
	Mapping file autogenerated by MyEclipse Persistence Tools
-->
<hibernate-mapping package="gnnt.MEBS.bill.front.model.stockmanage">
	<class name="Invoiceinform" table="v_BI_Invoiceinform">
		<id name="stockId">
			<generator class="assigned"></generator>
		</id>
		<property name="invoiceType"></property>
		<property name="companyName"></property>
		<property name="address"></property>
		<property name="dutyParagraph"></property>
		<property name="bank"></property>
		<property name="bankAccount"></property>
		<property name="name"></property>
		<property name="phone"></property>
		<property name="breedName"></property>
		<property name="warehouseId"></property>
		<property name="quantity"></property>
		<property name="unit"></property>
			
	</class>
</hibernate-mapping>
