<?xml version="1.0" encoding="GBK"?>
<!DOCTYPE hibernate-mapping PUBLIC "-//Hibernate/Hibernate Mapping DTD 3.0//EN"
"http://hibernate.sourceforge.net/hibernate-mapping-3.0.dtd">
	<!--
	Mapping file autogenerated by MyEclipse Persistence Tools
-->
<hibernate-mapping package="gnnt.MEBS.bill.front.model.stockmanage">
	<class name="OutStock" table="BI_OutStock" dynamic-update="true" lazy="false">
		<id name="outStockID" type="java.lang.String">
			<column name="outStockID" />
			<generator class="native">
				<param name="sequence">SEQ_BI_OUTSTOCK</param>
			</generator>
		</id>
		<many-to-one name="stock" class="Stock" column="stockId"></many-to-one>
		<property name="key"></property>
		<property name="deliveryPerson"></property>
		<property name="idnumber"></property>
		<property name="createTime"></property>
		<property name="processTime" ></property>
		<property name="status"></property>
	</class>
</hibernate-mapping>
