<?xml version="1.0" encoding="GBK"?>
<!DOCTYPE hibernate-mapping PUBLIC "-//Hibernate/Hibernate Mapping DTD 3.0//EN"
"http://hibernate.sourceforge.net/hibernate-mapping-3.0.dtd">
	<!--
	Mapping file autogenerated by MyEclipse Persistence Tools
-->
<hibernate-mapping package="gnnt.MEBS.bill.front.model.stockmanage">
	<class name="StockChgLog" table="BI_StockChgLog" dynamic-update="true" lazy="false">
		<id name="id" type="java.lang.Long">
			<column name="id"></column>
			<generator class="native">
				<param name="sequence">SEQ_BI_STOCKCHGLOG</param>
			</generator>
		</id>
		<many-to-one name="stock" class="Stock" column="stockId"></many-to-one>
		<property name="srcFirm"></property>
		<property name="tarFirm"></property>
		<property name="createTime"></property>
	</class>
</hibernate-mapping>
