<?xml version="1.0" encoding="GBK"?>
<!DOCTYPE hibernate-mapping PUBLIC "-//Hibernate/Hibernate Mapping DTD 3.0//EN"
"http://hibernate.sourceforge.net/hibernate-mapping-3.0.dtd">
	<!--
	Mapping file autogenerated by MyEclipse Persistence Tools
-->
<hibernate-mapping package="gnnt.MEBS.bill.front.model.stockmanage">
	<class name="VOutStock" table="v_BI_outstock">
		<id name="stockId"></id>
		<property name="realStockCode"></property>
		<property name="breedName"></property>
		<property name="warehouseId"></property>
		<property name="quantity"></property>
		<property name="unit"></property>
		<property name="breedId"></property>
		<property name="ownerFirm"></property>
		<property name="createTime"></property>
		<property name="lastTime"></property>
		<property name="company"></property>
		<property name="logisticsOrder"></property>
		<property name="isReceived"></property>
		<property name="receivedDate"></property>
		<property name="invoiceStatus"></property>
			
	</class>
</hibernate-mapping>
