<?xml version="1.0"?>
<!DOCTYPE hibernate-mapping PUBLIC "-//Hibernate/Hibernate Mapping DTD 3.0//EN"
"http://hibernate.sourceforge.net/hibernate-mapping-3.0.dtd">
<!-- 
    Mapping file autogenerated by MyEclipse - Hibernate Tools
-->
<hibernate-mapping>
    <class name="gnnt.MEBS.common.model.User" table="C_USER" lazy="false">
        <id name="userId" type="java.lang.String">
            <column name="ID"  length="128" />
        </id>
        <property name="name" type="java.lang.String">
            <column name="NAME" length="128" />
        </property>
        <property name="password" type="java.lang.String">
            <column name="PASSWORD" length="512" />
        </property> 
        <property name="description" type="java.lang.String">
            <column name="DESCRIPTION" length="512" />
        </property>
        <property name="skin" type="java.lang.String">
            <column name="SKIN" length="128" />
        </property>
        <property name="keyCode" type="java.lang.String">
            <column name="KEYCODE" length="128" />
        </property>
        <property name="isForbid" type="java.lang.String">
            <column name="IsForbid" length="128" />
        </property>
        <property name="type" type="java.lang.String">
        </property>
        <set name="rightSet" table="C_USER_RIGHT" cascade="none" lazy="true" fetch="select">
        <key column="USERID"/>
        <many-to-many class="gnnt.MEBS.common.model.Right" column="RIGHTID"/>
        </set>
        <set name="roleSet" table="C_USER_ROLE" cascade="none" lazy="true" fetch="select" order-by ="roleId desc">
        <key column="USERID"/>
        <many-to-many class="gnnt.MEBS.common.model.Role" column="ROLEID"/>
        </set>
        
        <set name="operateRoleSet" table="C_USER_operate_ROLE" cascade="none" lazy="true" fetch="select" order-by="roleId desc">
        <key column="USERID"/>
        <many-to-many class="gnnt.MEBS.common.model.Role" column="ROLEID"/>
        </set>
    </class>
</hibernate-mapping>
