<?xml version="1.0" encoding="GBK"?>
<!DOCTYPE hibernate-mapping PUBLIC "-//Hibernate/Hibernate Mapping DTD 3.0//EN"
"http://hibernate.sourceforge.net/hibernate-mapping-3.0.dtd">
	<!--
	Mapping file autogenerated by MyEclipse Persistence Tools
-->
<hibernate-mapping package="gnnt.MEBS.integrated.mgr.model.commoditymanage">
	<class name="CategoryProperty" table="M_Property" dynamic-update="true" lazy="false">
		<id name="propertyId" type="java.lang.Long">
			<column name="propertyId" />
			<generator class="native">
				<param name="sequence">SEQ_M_PROPERTYSET</param>
			</generator>
		</id>
		<property name="propertyName"></property>
		<property name="hasValueDict"></property>
		<property name="searchable"></property>
		<property name="stockCheck"></property>
		<property name="sortNo"></property>
		<property name="isNecessary"></property>
		<property name="fieldType"></property>
		<property name="propertyTypeID"></property>
		<many-to-one name="propertyType" class="PropertyType" column="propertyTypeID" insert="false" update="false" not-found="ignore"/>
		<many-to-one name="category" class="Category" column="categoryId"/>
	</class>
</hibernate-mapping>
