<?xml version="1.0" encoding="GBK"?>
<!DOCTYPE hibernate-mapping PUBLIC "-//Hibernate/Hibernate Mapping DTD 3.0//EN"
"http://hibernate.sourceforge.net/hibernate-mapping-3.0.dtd">
	<!--
	Mapping file autogenerated by MyEclipse Persistence Tools
-->
<hibernate-mapping>
	<class name="gnnt.MEBS.bill.mgr.model.commoditymanage.PropertyType" table="M_PropertyType" dynamic-insert="true" dynamic-update="true" lazy="false">
		<id name="propertyTypeID"/>
		<property name="name"></property>
		<property name="status"></property>
		<property name="sortNo"></property>
	</class>
</hibernate-mapping>
