<?xml version="1.0" encoding="utf-8"?>
<!DOCTYPE hibernate-mapping PUBLIC "-//Hibernate/Hibernate Mapping DTD 3.0//EN"
"http://hibernate.sourceforge.net/hibernate-mapping-3.0.dtd">
	<!--
	Mapping file autogenerated by MyEclipse Persistence Tools
-->
<hibernate-mapping package="gnnt.MEBS.trade.model">

	<class name="DaySection" table="T_A_DaySection" dynamic-update="true">
		<composite-id>
            <key-property name="weekDay" column="weekDay"/>
            <key-property name="sectionId" column="sectionId"/>
        </composite-id>
		<property name="status"></property>
	</class>
</hibernate-mapping>
