<?xml version="1.0" encoding="utf-8"?>
<!DOCTYPE hibernate-mapping PUBLIC "-//Hibernate/Hibernate Mapping DTD 3.0//EN"
"http://hibernate.sourceforge.net/hibernate-mapping-3.0.dtd">
	<!--
	Mapping file autogenerated by MyEclipse Persistence Tools
-->
<hibernate-mapping package="gnnt.MEBS.trade.model">

	<class name="FirmUpdate" table="T_FIRMUPDATE" dynamic-update="true">
		<id name="firmId" type="java.lang.String">
			<column name="firmId" />
			<generator class="assigned">
			</generator>
		</id>
		<property name="modifyTime"></property>
		<property name="holdNo"></property>
		<property name="holdQty"></property>
		<property name="oldFlag"></property>
		<property name="newFlag"></property>
		<property name="host"></property>
		<property name="ip"></property>
		<property name="note"></property>
	</class>
</hibernate-mapping>
