<?xml version="1.0" encoding="utf-8"?>
<!DOCTYPE hibernate-mapping PUBLIC "-//Hibernate/Hibernate Mapping DTD 3.0//EN"
"http://hibernate.sourceforge.net/hibernate-mapping-3.0.dtd">
	<!--
	Mapping file autogenerated by MyEclipse Persistence Tools
-->
<hibernate-mapping package="gnnt.MEBS.trade.model">

	<class name="HQServerInfo" table="t_q_hqserverinfo" dynamic-update="true">
		<id name="id" type="java.lang.Integer">
			<column name="serverID" />
			<generator class="assigned">
			</generator>
		</id>
		<property name="serverName"></property>
		<property name="serverAddr"></property>
		<property name="serverPort"></property>
		<property name="serverRank"></property>
		<property name="isUsed"></property>
		
	</class>
</hibernate-mapping>
