<?xml version="1.0" encoding="utf-8"?>
<!DOCTYPE hibernate-mapping PUBLIC "-//Hibernate/Hibernate Mapping DTD 3.0//EN"
"http://hibernate.sourceforge.net/hibernate-mapping-3.0.dtd">
	<!--
	Mapping file autogenerated by MyEclipse Persistence Tools
-->
<hibernate-mapping package="gnnt.MEBS.trade.model">

	<class name="Market" table="T_A_Market" dynamic-update="true">
		<id name="marketCode" type="java.lang.String">
			<column name="marketCode" />
			<generator class="assigned">
			</generator>
		</id>
		<property name="marketName"></property>
		<property name="shortName"></property>
		<property name="runMode"></property>
		<property name="deliveryMode"></property>
		<property name="marginFBFlag"></property>
		<property name="floatingLossComputeType"></property>
		<property name="closeAlgr"></property>
		<property name="tradePriceAlgr"></property>
		<property name="tradeFlowType"></property>
		<property name="floatingProfitSubTax"></property>
		<property name="tradeTimeType"></property>
		<property name="quotationTwoSide"></property>
	</class>
</hibernate-mapping>
