<?xml version="1.0" encoding="utf-8"?>
<!DOCTYPE hibernate-mapping PUBLIC "-//Hibernate/Hibernate Mapping DTD 3.0//EN"
"http://hibernate.sourceforge.net/hibernate-mapping-3.0.dtd">
	<!--
	Mapping file autogenerated by MyEclipse Persistence Tools
-->
<hibernate-mapping package="gnnt.MEBS.trade.model">

	<class name="NotTradeDay" table="T_A_NotTradeDay" dynamic-update="true">
		<id name="id" type="java.lang.Long">
			<column name="ID" />
			<generator class="native">
			   <param name="sequence">SEQ_T_A_NotTradeDay</param>
			</generator>
		</id>
		<property name="week"></property>
		<property name="day"></property>
	</class>
</hibernate-mapping>
