<?xml version="1.0" encoding="utf-8"?>
<!DOCTYPE hibernate-mapping PUBLIC "-//Hibernate/Hibernate Mapping DTD 3.0//EN"
"http://hibernate.sourceforge.net/hibernate-mapping-3.0.dtd">
	<!--
	Mapping file autogenerated by MyEclipse Persistence Tools
-->
<hibernate-mapping package="gnnt.MEBS.trade.model">

	<class name="SystemStatus" table="T_SystemStatus" dynamic-update="true">
		<id name="tradeDate" type="java.util.Date">
			<column name="TradeDate" />
			<generator class="assigned">
			</generator>
		</id>
		<property name="status"></property>
		<property name="sectionId"></property>
		<property name="note"></property>
		<property name="endDate"></property>
		<property name="nextTradeDate"></property>
		<property name="recoverTime"></property>
	</class>
</hibernate-mapping>
