<?xml version="1.0" encoding="utf-8"?>
<!DOCTYPE hibernate-mapping PUBLIC "-//Hibernate/Hibernate Mapping DTD 3.0//EN"
"http://hibernate.sourceforge.net/hibernate-mapping-3.0.dtd">
	<!--
	Mapping file autogenerated by MyEclipse Persistence Tools
-->
<hibernate-mapping package="gnnt.MEBS.trade.model">

	<class name="TQLog" table="T_Q_LOG" dynamic-update="true">
		<composite-id>
            <key-property name="commodityId" column="COMMODITYID"/>
            <key-property name="actionTime" column="ACTIONTIME"/>
        </composite-id>
		<property name="quoprice"></property>
		<property name="operator"></property>
	</class>
</hibernate-mapping>
