<?xml version="1.0" encoding="utf-8"?>
<!DOCTYPE hibernate-mapping PUBLIC "-//Hibernate/Hibernate Mapping DTD 3.0//EN"
"http://hibernate.sourceforge.net/hibernate-mapping-3.0.dtd">
	<!--
	Mapping file autogenerated by MyEclipse Persistence Tools
-->
<hibernate-mapping package="gnnt.MEBS.trade.model">

	<class name="TQLogSet" table="T_Q_LOGSet" dynamic-update="true">
		<id name="commodityId" >
			<column name="COMMODITYID" />
			<generator class="assigned">
			</generator>
		</id>
		<property name="minquoprice"></property>
		<property name="maxquoprice"></property>
	</class>
</hibernate-mapping>
