<?xml version="1.0" encoding="utf-8"?>
<!DOCTYPE hibernate-mapping PUBLIC "-//Hibernate/Hibernate Mapping DTD 3.0//EN"
"http://hibernate.sourceforge.net/hibernate-mapping-3.0.dtd">
	<!--
	Mapping file autogenerated by MyEclipse Persistence Tools
-->
<hibernate-mapping package="gnnt.MEBS.trade.model">

	<class name="TradeTime" table="T_A_TradeTime" dynamic-update="true">
		<id name="sectionId" type="java.lang.Long">
			<column name="sectionId" />
			<generator class="assigned">
			</generator>
		</id>
		<property name="name"></property>
		<property name="StartTime"></property>
		<property name="endTime"></property>
		<property name="status"></property>
		<property name="modifyTime"></property>
		<property name="startDate"></property>
		<property name="endDate"></property>
	</class>
</hibernate-mapping>
