<?xml version="1.0"?>
<!DOCTYPE hibernate-mapping PUBLIC "-//Hibernate/Hibernate Mapping DTD 3.0//EN"
"http://hibernate.sourceforge.net/hibernate-mapping-3.0.dtd">
<!-- 
    Mapping file autogenerated by MyEclipse - Hibernate Tools
-->
<hibernate-mapping>
    <class name="gnnt.MEBS.common.model.Right" table="C_RIGHT" dynamic-update="true">
        <cache usage="read-write"/>
        <id name="id" type="java.lang.Long">
            <column name="ID"  precision="10" scale="0" />
            <generator class="native" >
            <param name="sequence">seq_c_right</param>
            </generator>
        </id>
        <property name="name" type="java.lang.String">
            <column name="NAME" length="128" />
        </property>
        <property name="icon" type="java.lang.String">
            <column name="ICON" length="128" />
        </property>
        <property name="url" type="java.lang.String">
            <column name="URL" length="512" />
        </property> 
        <property name="moduleId" type="java.lang.Integer">
            <column name="MODULEID" precision="3" scale="0" />
        </property>
        <property name="seq" type="java.lang.Integer">
            <column name="SEQ" precision="3" scale="0" />
        </property>
        <property name="visible" type="java.lang.Integer">
            <column name="VISIBLE" precision="1" scale="0" />
        </property>
        <property name="type" type="java.lang.Integer">
            <column name="TYPE" precision="3" scale="0" />
        </property>
        <property name="isLog" type="java.lang.Integer">
            <column name="ISLOG" precision="1" scale="0" />
        </property>
        <many-to-one name="right" column="PARENTID" class="gnnt.MEBS.common.model.Right">
        </many-to-one>
        <set name="rightSet" cascade="delete" lazy="false" fetch="select"  order-by="seq">
        <key column="PARENTID"/>
        <one-to-many class="gnnt.MEBS.common.model.Right" />
        <filter name="rightFilter" condition=" (TYPE=:type1 or TYPE=:type2)"/>
        <filter name="rightTreeFilter" condition="TYPE!=:type and VISIBLE=:visible"/>
        </set>
        <set name="userSet" table="C_USER_RIGHT" cascade="none" lazy="true">
        <key column="RIGHTID"/>
        <many-to-many class="gnnt.MEBS.common.model.User" column="USERID"/>
        </set>
        <set name="roleSet" table="C_ROLE_RIGHT" cascade="none" lazy="true">
        <key column="RIGHTID"/>
        <many-to-many class="gnnt.MEBS.common.model.Role" column="ROLEID"/>
        </set>
    </class>
    <!--Filter声明-->
       <filter-def name="rightFilter">
　		<filter-param name="type1" type="java.lang.Integer"/>
        <filter-param name="type2" type="java.lang.Integer"/>
	   </filter-def>
	   
	   <filter-def name="rightTreeFilter">
　		<filter-param name="type" type="java.lang.Integer"/>
        <filter-param name="visible" type="java.lang.Integer"/>
	   </filter-def>
</hibernate-mapping>
