<?xml version="1.0" encoding="utf-8"?>
<!DOCTYPE hibernate-mapping PUBLIC "-//Hibernate/Hibernate Mapping DTD 3.0//EN"
"http://hibernate.sourceforge.net/hibernate-mapping-3.0.dtd">
	<!--
	Mapping file autogenerated by MyEclipse Persistence Tools
-->
<hibernate-mapping package="gnnt.MEBS.commodity.model">

	<class name="ArticleParitiesAgio" table="T_C_ExchageRate" dynamic-update="true">
		<id name="commodityId" type="java.lang.String">
			<column name="commodityId" />
				<generator class="assigned">
			</generator>
		</id>
		<property name="inCommodityId"></property>
		<property name="quoteRate"></property>
		<property name="quoteExchangeRate"></property>
		<property name="clearExchageRate"></property>
		<property name="quoteAgio"></property>
	</class>
</hibernate-mapping>
