<?xml version="1.0" encoding="utf-8"?>
<!DOCTYPE hibernate-mapping PUBLIC "-//Hibernate/Hibernate Mapping DTD 3.0//EN"
"http://hibernate.sourceforge.net/hibernate-mapping-3.0.dtd">
	<!--
	Mapping file autogenerated by MyEclipse Persistence Tools
-->
<hibernate-mapping package="gnnt.MEBS.commodity.model">

	<class name="CommodityPriceProtect" table="T_CommdityPriceProtect" dynamic-update="true">
		<id name="commodityId" type="java.lang.String">
			<column name="CommodityId" />
			<generator class="assigned">
			</generator>
		</id>
		<property name="screeningPricePoint"></property>
		<property name="timeoutInterval"></property>
	</class>
</hibernate-mapping>
