<?xml version="1.0" encoding="utf-8"?>
<!DOCTYPE hibernate-mapping PUBLIC "-//Hibernate/Hibernate Mapping DTD 3.0//EN"
"http://hibernate.sourceforge.net/hibernate-mapping-3.0.dtd">
	<!--
	Mapping file autogenerated by MyEclipse Persistence Tools
-->
<hibernate-mapping package="gnnt.MEBS.commodity.model">

	<class name="Commodity" table="T_Commodity" dynamic-update="true" dynamic-insert="true">
		<id name="id" type="java.lang.String">
			<column name="CommodityID" />
			<generator class="assigned">
			</generator>
		</id>
		<property name="name"></property>
		<property name="status"></property>
		<property name="tradeMode" column="tradeStatus"></property>
		<property name="contractFactor"></property>
		<property name="minHQMove"></property>
		<property name="minPriceMove"></property>
		<property name="stepMove"></property>
		<property name="spreadAlgr"></property>
		<property name="spreadUpLmt"></property>
		<property name="spreadDownLmt"></property>
		<property name="delayFeeAlgr"></property>
		<property name="marketDate"></property>
		<property name="lastPrice"></property>
		<property name="displayNum"></property>
		<property name="pauseType"></property>
		<property name="contractUnit"></property>
	</class>
</hibernate-mapping>
