<?xml version="1.0" encoding="utf-8"?>
<!DOCTYPE hibernate-mapping PUBLIC "-//Hibernate/Hibernate Mapping DTD 3.0//EN"
"http://hibernate.sourceforge.net/hibernate-mapping-3.0.dtd">
	<!--
	Mapping file autogenerated by MyEclipse Persistence Tools
-->
<hibernate-mapping package="gnnt.MEBS.commodity.model">

	<class name="Margin" table="T_C_Margin" dynamic-update="true">
		<composite-id>
			<key-property name="firmId"></key-property>
			<key-property name="commodityId"></key-property>
		</composite-id>
		<property name="marginAlgr"></property>
		<property name="tradeMargin"></property>
	</class>
</hibernate-mapping>
