<?xml version="1.0" encoding="utf-8"?>
<!DOCTYPE hibernate-mapping PUBLIC "-//Hibernate/Hibernate Mapping DTD 3.0//EN"
"http://hibernate.sourceforge.net/hibernate-mapping-3.0.dtd">
	<!--
	Mapping file autogenerated by MyEclipse Persistence Tools
-->
<hibernate-mapping package="gnnt.MEBS.commodity.model">

	<class name="OrderPoint" table="T_C_OrderPoint" dynamic-update="true">
		<composite-id>
			<key-property name="memberFirmId" column="firmId"></key-property>
			<key-property name="commodityId"></key-property>
		</composite-id>
		<property name="stopLossPoint"></property>
		<property name="stopProfitPoint"></property>
		<property name="l_Open_Point"></property>
		<property name="m_OrderPoint"></property>
		<property name="min_M_OrderPoint"></property>
		<property name="max_M_OrderPoint"></property>
	</class>
</hibernate-mapping>
