<?xml version="1.0" encoding="utf-8"?>
<!DOCTYPE hibernate-mapping PUBLIC "-//Hibernate/Hibernate Mapping DTD 3.0//EN"
"http://hibernate.sourceforge.net/hibernate-mapping-3.0.dtd">
	<!--
	Mapping file autogenerated by MyEclipse Persistence Tools
-->
<hibernate-mapping package="gnnt.MEBS.commodity.model">

	<class name="QuotePoint" table="T_C_QuotePoint" dynamic-update="true">
			<composite-id>
			<key-property name="m_firmId" column="M_FirmID"></key-property>
			<key-property name="commodityId"></key-property>
		</composite-id>
		<property name="quotePointAlgr" column="QuotePointAlgr"></property>
		<property name="quotePointB" column="QuotePoint_B_Rate"></property>
		<property name="quotePointS" column="QuotePoint_S_Rate"></property>
	</class>
</hibernate-mapping>
