<?xml version="1.0" encoding="utf-8"?>
<!DOCTYPE hibernate-mapping PUBLIC "-//Hibernate/Hibernate Mapping DTD 3.0//EN"
"http://hibernate.sourceforge.net/hibernate-mapping-3.0.dtd">
	<!--
	Mapping file autogenerated by MyEclipse Persistence Tools
-->
<hibernate-mapping package="gnnt.MEBS.commodity.model">

	<class name="StepDictionary" table="T_A_StepDictionary" dynamic-update="true">
		<composite-id>
			<key-property name="ladderCode"></key-property>
			<key-property name="stepNo"></key-property>
		</composite-id>
		<property name="stepValue"></property>
		<property name="note"></property>
	</class>
</hibernate-mapping>
