<?xml version="1.0" encoding="utf-8"?>
<!DOCTYPE hibernate-mapping PUBLIC "-//Hibernate/Hibernate Mapping DTD 3.0//EN"
"http://hibernate.sourceforge.net/hibernate-mapping-3.0.dtd">
	<!--
	Mapping file autogenerated by MyEclipse Persistence Tools
-->
<hibernate-mapping package="gnnt.MEBS.commodity.model">

	<class name="TakeFee" table="T_C_Fee" dynamic-update="true">
		<composite-id>
			<key-property name="commodityId"></key-property>
			<key-property name="m_FirmId" column="firmId"></key-property>
		</composite-id>
		<property name="feeAlgr"></property>
		<property name="feeRate"></property>
		<property name="feeMode"></property>
		<property name="mkt_FeeRate"></property>
	</class>
</hibernate-mapping>
