<?xml version="1.0" encoding="utf-8"?>
<!DOCTYPE hibernate-mapping PUBLIC "-//Hibernate/Hibernate Mapping DTD 3.0//EN"
"http://hibernate.sourceforge.net/hibernate-mapping-3.0.dtd">
	<!--
	Mapping file autogenerated by MyEclipse Persistence Tools
-->
<hibernate-mapping package="gnnt.MEBS.commodity.model">

	<class name="TCDelayFee" table="T_C_DelayFee" dynamic-update="true">
		<composite-id>
			<key-property name="commodityId"></key-property>
			<key-property name="firmId"></key-property>
			<key-property name="stepNo"></key-property>
		</composite-id>
		<property name="delayFee"></property>
		<property name="feeAlgr_v" column="feealgr"></property>
		<property name="mkt_delayFeeRate"></property>
	</class>
</hibernate-mapping>
