<?xml version="1.0" encoding="utf-8"?>
<!DOCTYPE hibernate-mapping PUBLIC "-//Hibernate/Hibernate Mapping DTD 3.0//EN"
"http://hibernate.sourceforge.net/hibernate-mapping-3.0.dtd">
	<!--
	Mapping file autogenerated by MyEclipse Persistence Tools
-->
<hibernate-mapping package="gnnt.MEBS.commodity.model">
	<class name="TradeAuth" table="T_C_TradeAuth" dynamic-update="true">
			<composite-id>
			<key-property name="commodityId"></key-property>
			<key-property name="firmId"></key-property>
		</composite-id>
		<property name="display"></property>
		<property name="cancel_L_Open"></property>
		<property name="cancel_StopLoss"></property>
		<property name="cancel_StopProfit"></property>
		<property name="m_B_Open"></property>
		<property name="m_B_Close"></property>
		<property name="l_B_Open"></property>
		<property name="l_B_CloseLose" column="B_StopLoss"></property>
		<property name="l_B_CloseProfit" column="B_StopProfit"></property>
		<property name="m_S_Open"></property>
		<property name="m_S_Close"></property>
		<property name="l_S_Open"></property>
		<property name="l_S_CloseLose" column="S_StopLoss"></property>
		<property name="l_S_CloseProfit" column="S_StopProfit"></property>
	</class>
</hibernate-mapping>
