<?xml version="1.0" encoding="utf-8"?>
<!DOCTYPE hibernate-mapping PUBLIC "-//Hibernate/Hibernate Mapping DTD 3.0//EN"
"http://hibernate.sourceforge.net/hibernate-mapping-3.0.dtd">
	<!--
	Mapping file autogenerated by MyEclipse Persistence Tools
-->
<hibernate-mapping package="gnnt.MEBS.audit.model">

	<class name="ApplyView" table="v_apply" dynamic-update="true">
		<id name="id" type="java.lang.Long">
			<column name="ID" />
			<generator class="native">
			   <param name="sequence">SEQ_C_APPLY</param>
			</generator>
		</id>
		<property name="applyType"></property>
		<property name="status"></property>
		<property name="content"></property>
		<property name="note"></property>
		<property name="statusDiscribe"></property>
		<property name="proposer"></property>
		<property name="auditProposer"></property>
		<property name="modTime">
			<column name="modtime"></column>
		</property>
		<property name="auditModtime">
			<column name="auditModtime"></column>
		</property>
	</class>
</hibernate-mapping>
