<?xml version="1.0" encoding="utf-8"?>
<!DOCTYPE hibernate-mapping PUBLIC "-//Hibernate/Hibernate Mapping DTD 3.0//EN"
"http://hibernate.sourceforge.net/hibernate-mapping-3.0.dtd">
	<!--
	Mapping file autogenerated by MyEclipse Persistence Tools
-->
<hibernate-mapping package="gnnt.MEBS.audit.model">

	<class name="Apply" table="c_apply" dynamic-update="true">
		<id name="id" type="java.lang.Long">
			<column name="ID" />
			<generator class="native">
			   <param name="sequence">SEQ_C_APPLY</param>
			</generator>
		</id>
		<property name="applyType"></property>
		<property name="status"></property>
		<property name="content"></property>
		<property name="note"></property>
		<property name="statusDiscribe"></property>
		<set name="auditStatusSet" table="C_AUDITSTATUS" lazy="false" order-by="id">
				<key column="id" />
				<one-to-many class="AuditStatus" />
		</set>
	</class>
</hibernate-mapping>
