<?xml version="1.0" encoding="utf-8"?>
<!DOCTYPE hibernate-mapping PUBLIC "-//Hibernate/Hibernate Mapping DTD 3.0//EN"
"http://hibernate.sourceforge.net/hibernate-mapping-3.0.dtd">
	<!--
	Mapping file autogenerated by MyEclipse Persistence Tools
-->
<hibernate-mapping package="gnnt.MEBS.audit.model">

	<class name="AuditStatus" table="C_AUDITSTATUS" dynamic-update="true">
		<id name="id" type="java.lang.Long">
			<column name="ID" />
			<generator class="native">
			   <param name="sequence">seq_C_auditstatus</param>
			</generator>
		</id>
		<property name="status"></property>
		<property name="proposer"></property>
		<property name="modTime"></property>
		<property name="statusDiscribe"></property>
		<property name="applyId"></property>
	</class>
</hibernate-mapping>
