<?xml version="1.0" encoding="utf-8"?>
<!DOCTYPE hibernate-mapping PUBLIC "-//Hibernate/Hibernate Mapping DTD 3.0//EN"
"http://hibernate.sourceforge.net/hibernate-mapping-3.0.dtd">
	<!--
	Mapping file autogenerated by MyEclipse Persistence Tools
-->
<hibernate-mapping package="gnnt.MEBS.audit.model">

	<class name="ParmaLog" table="C_PARAMLOG" dynamic-update="true">
		<id name="id" type="java.lang.Long">
			<generator class="native">
				<param name="sequence">SEQ_C_PARAMLOG</param>
			</generator>
		</id>
		<property name="operator"></property>
		<property name="oldOperator"></property>
		<property name="operateTime"></property>
		<property name="operatorType"></property>
		<property name="mark"></property>
		<property name="operateContent"></property>
		<property name="currentValue"></property>
		<property name="oldValue"></property>
		<property name="operateGflag"></property>
	</class>
</hibernate-mapping>
