<?xml version="1.0" encoding="utf-8"?>
<!DOCTYPE hibernate-mapping PUBLIC "-//Hibernate/Hibernate Mapping DTD 3.0//EN"
"http://hibernate.sourceforge.net/hibernate-mapping-3.0.dtd">
<!-- Mapping file autogenerated by MyEclipse Persistence Tools -->
<hibernate-mapping package="gnnt.MEBS.query.model">

	<class name="BankInternalTransSearch" table="F_Bank_Internal_Trans" lazy="false" > 
		<id name="transId" type="java.lang.Long">
			<column name="transId" />
			<generator class="assigned">
			</generator>
		</id>
		<property name="firmId" type="java.lang.String">
			<column name="firmId"></column>
		</property>
		<property name="bankCode_target" type="java.lang.String">
			<column name="bankCode_target"></column>
		</property>
		<property name="bankCode" type="java.lang.String">
			<column name="bankCode"></column>
		</property>
		<property name="amount" type="java.lang.Double">
			<column name="amount"></column>
		</property>
	</class>
</hibernate-mapping>
