<?xml version="1.0" encoding="utf-8"?>
<!DOCTYPE hibernate-mapping PUBLIC "-//Hibernate/Hibernate Mapping DTD 3.0//EN"
"http://hibernate.sourceforge.net/hibernate-mapping-3.0.dtd">
	<!--
	Mapping file autogenerated by MyEclipse Persistence Tools
-->
<hibernate-mapping package="gnnt.MEBS.query.model">

	<class name="CustomerApplySettleSearch" table="v_customer_applysettle_search" lazy="false">
		<id name="id" type="java.lang.String">
			<column name="settleid" />
			<generator class="assigned">
			</generator>
		</id>
		<property name="memberNo"></property>
		<property name="customerNo"></property>
		<property name="customerName"></property>
		<property name="memberName"></property>
		<property name="organizationno"></property>
		<property name="organizationname"></property>
		<property name="brokerageno"></property>
		<property name="brokeragename"></property>
		<property name="commodityID"></property>
		<property name="commodityName"></property>
		<property name="quantity"></property>
		<property name="price"></property>
		<property name="updateTime"></property>
		<property name="bs_flag"></property>
		<property name="settleFee"></property>
		<property name="status"></property>
	</class>
</hibernate-mapping>