<?xml version="1.0" encoding="utf-8"?>
<!DOCTYPE hibernate-mapping PUBLIC "-//Hibernate/Hibernate Mapping DTD 3.0//EN"
"http://hibernate.sourceforge.net/hibernate-mapping-3.0.dtd">
<!-- Mapping file autogenerated by MyEclipse Persistence Tools -->
<hibernate-mapping package="gnnt.MEBS.query.model">

	<class name="CustomerFundFlowSearchHis" table="v_customerfundflow_search_his" lazy="false" >
		<composite-id>
			<key-property name="clearDate" type="date">
				<column name="clearDate"></column>
			</key-property>
			<key-property name="fundFlowId" >
				<column name="fundFlowId"></column>
			</key-property>
			<key-property name="customerNo">
				<column name="customerNo"></column>
			</key-property>
			<key-property name="memberNo">
				<column name="memberNo"></column>
			</key-property>
		</composite-id>
		<property name="oprcode" >
			<column name="oprcode"></column>
		</property>
		<property name="customerName">
			<column name="customerName"></column>
		</property>
		<property name="memberName">
			<column name="memberName"></column>
		</property>
		<property name="organizationNo">
			<column name="organizationNo"></column>
		</property>
		<property name="organizationName">
			<column name="organizationName"></column>
		</property>
		<property name="brokerageNo">
			<column name="brokerageNo"></column>
		</property>
		<property name="brokerageName">
			<column name="brokerageName"></column>
		</property>
		<property name="changeAmount">
			<column name="amount"></column>
		</property>
		<property name="afterAmount">
			<column name="balance"></column>
		</property>
		<property name="createTime">
			<column name="createTime"></column>
		</property>
		<property name="contractNo">
			<column name="contractNo"></column>
		</property>
	</class>
</hibernate-mapping>
