<?xml version="1.0" encoding="utf-8"?>
<!DOCTYPE hibernate-mapping PUBLIC "-//Hibernate/Hibernate Mapping DTD 3.0//EN"
"http://hibernate.sourceforge.net/hibernate-mapping-3.0.dtd">
<!-- Mapping file autogenerated by MyEclipse Persistence Tools -->
<hibernate-mapping package="gnnt.MEBS.query.model">

	<class name="CustomerTradeSearchHis" table="v_customertrade_search_his" lazy="false" >
				<composite-id>
			<key-property name="de_buildNo" type="java.lang.String">
				<column name="tradeNo" />
			</key-property>
			<key-property name="customerId" type="java.lang.String">
				<column name="customerNo"></column>
			</key-property>
			<key-property name="commodityId" type="java.lang.String">
				<column name="commodityId"></column>
			</key-property>
			<key-property name="memberNo" type="java.lang.String">
				<column name="memberNo"></column>
			</key-property>
			<key-property name="atClearDate" type="date">
				<column name="atClearDate"></column>
			</key-property>
		</composite-id>
			<property name="commodityName" type="java.lang.String">
				<column name="commodityName"></column>
			</property>
			<property name="holdQty" type="java.lang.Integer">
				<column name="quantity"></column>
			</property>
			<property name="buildNo" type="java.lang.String">
				<column name="opentradeNo"></column>
			</property>
			<property name="build_flag" type="java.lang.Integer">
				<column name="open_bs_flag"></column>
			</property>
			<property name="buildDate" type="java.util.Date">
				<column name="holdTime"></column>
			</property>
			<property name="openPrice" type="java.lang.Double">
				<column name="openPrice"></column>
			</property>
			<property name="holdPrice" type="java.lang.Double">
				<column name="holdPrice"></column>
			</property>
			<property name="de_build_flag" type="java.lang.Integer">
				<column name="close_bs_flag"></column>
			</property>
			<property name="de_buildPrice" type="java.lang.Double">
				<column name="close_price"></column>
			</property>
			<property name="de_buildDate" type="java.util.Date">
				<column name="closeTime"></column>
			</property>
			<property name="floatingLoss" type="java.lang.Double">
				<column name="close_pl"></column>
			</property>
			<property name="netFloatingLoss" type="java.lang.Double">
			<column name="net_pl"></column>
		    </property>
		    <property name="tradeFee" type="java.lang.Double">
			<column name="tradeFee"></column>
		</property>
			<property name="builderId" type="java.lang.String">
			<column name="opentraderid"></column>
		</property>
		<property name="de_builderId" type="java.lang.String">
			<column name="closetraderid"></column>
		</property>
		<property name="tradeType" type="java.lang.String">
			<column name="tradeType"></column>
		</property>
	</class>
</hibernate-mapping>
