<?xml version="1.0" encoding="utf-8"?>
<!DOCTYPE hibernate-mapping PUBLIC "-//Hibernate/Hibernate Mapping DTD 3.0//EN"
"http://hibernate.sourceforge.net/hibernate-mapping-3.0.dtd">
<!-- Mapping file autogenerated by MyEclipse Persistence Tools -->
<hibernate-mapping package="gnnt.MEBS.query.model">

	<class name="CustomerTransactionSearch" table="v_customer_orders_search" lazy="false" >
		<composite-id>
			<key-property name="customerNo"></key-property>
			<key-property name="commodityId"></key-property>
			<key-property name="tradeNo"></key-property>
		</composite-id>
		<property name="memberNo"></property>
		<property name="memberName"></property>
		<property name="organizationNo"></property>
		<property name="organizationName"></property>
		<property name="brokerageNo"></property>
		<property name="brokerageName"></property>
		<property name="customerName"></property>
		<property name="oc_Flag"></property>
		<property name="holdNo"></property>
		<property name="tradeTime"></property>
		<property name="commodityName"></property>
		<property name="quanTity"></property>
		<property name="bs_Flag"></property>
		<property name="openprice"></property>
		<property name="holdprice"></property>
		<property name="closeprice"></property>
		<property name="close_pl"></property>
		<property name="tradefee"></property>
		<property name="tradetype"></property>
		<property name="operatetype"></property>
		<property name="traderId"></property>
		<property name="tradefunds"/>
		<property name="actualpl"/>
		<property name="orderno"></property>
	</class>
</hibernate-mapping>
