<?xml version="1.0" encoding="utf-8"?>
<!DOCTYPE hibernate-mapping PUBLIC "-//Hibernate/Hibernate Mapping DTD 3.0//EN"
"http://hibernate.sourceforge.net/hibernate-mapping-3.0.dtd">
	<!--
	Mapping file autogenerated by MyEclipse Persistence Tools
-->
<hibernate-mapping package="gnnt.MEBS.query.model">

	<class name="CustomerFundSearch" table="v_customer_fund_search" lazy="false" >
		<composite-id>
			<key-property name="memberNo"></key-property>
			<key-property name="customerNo"></key-property>
		</composite-id>
			<property name="customerName" ></property>
			<property name="memberName"></property>
			<property name="organizationno"></property>
			<property name="organizationname"></property>
			<property name="brokerageno"></property>
			<property name="brokeragename"></property>
			<property name="beginningcaptical"></property>
			<property name="runtimefundio"></property>
			<property name="runtimeclosepl"></property>
			<property name="floatingloss"></property>
			<property name="runtimefee"></property>
			<property name="margin"></property>
			<property name="livemargin"></property>
			<property name="frozenmargin"></property>
			<property name="frozenfee"></property>
			<property name="presentcaptical"></property>
			<property name="riskRate" ></property>
			<property name="status" ></property>
	</class>
</hibernate-mapping>
