<?xml version="1.0" encoding="utf-8"?>
<!DOCTYPE hibernate-mapping PUBLIC "-//Hibernate/Hibernate Mapping DTD 3.0//EN"
"http://hibernate.sourceforge.net/hibernate-mapping-3.0.dtd">
<!-- Mapping file autogenerated by MyEclipse Persistence Tools -->
<hibernate-mapping package="gnnt.MEBS.query.model">

	<class name="CustomerBankFundSearch" table="v_firmbalancebank" lazy="false" >
		<composite-id>
			<key-property name="firmId" type="java.lang.String">
				<column name="firmId"></column>
			</key-property>
			<key-property name="bankCode" type="java.lang.String">
				<column name="bankCode"></column>
			</key-property>
			<key-property name="b_date" type="java.util.Date">
				<column name="b_date"></column>
			</key-property>
		</composite-id>
		<property name="customerNo"></property>
		<property name="customerName"></property>
		<property name="memberNo"></property>
		<property name="organizationNo"></property>
		<property name="brokerageNo"></property>
		<property name="managerNo"></property>
		<property name="bankName"></property>
		<property name="fundio" ></property>
		<property name="capital"></property>
		<property name="closepl"></property>
		<property name="holdpl"></property>
		<property name="tradefee"></property>
		<property name="delayfee"></property>
		<property name="lastcapital"></property>
		
		
		
	</class>
</hibernate-mapping>
