<?xml version="1.0" encoding="utf-8"?>
<!DOCTYPE hibernate-mapping PUBLIC "-//Hibernate/Hibernate Mapping DTD 3.0//EN"
"http://hibernate.sourceforge.net/hibernate-mapping-3.0.dtd">
<!-- Mapping file autogenerated by MyEclipse Persistence Tools -->
<hibernate-mapping package="gnnt.MEBS.query.model">

	<class name="CustomerHoldSearchHis" table="v_customerhold_search_his" lazy="false" >
			<composite-id>
			<key-property name="clearDate"></key-property>
			<key-property name="holdNo"></key-property>
			<key-property name="commodityId"></key-property>
			<key-property name="customerNo"></key-property>
		</composite-id>
		<property name="memberNo"></property>
		<property name="customer_TradeId"></property>
		<property name="memberName"></property>
		<property name="organizationNo"></property>
		<property name="organizationName"></property>
		<property name="brokerageNo"></property>
		<property name="brokerageName"></property>
		<property name="traderName"></property>
		<property name="conTact"></property>
		<property name="commodityName"></property>
		<property name="holdQty"></property>
		<property name="bs_flag"></property>
		<property name="holdTime"></property>
		<property name="openPrice"></property>
		<property name="holdPrice"></property>
		<property name="price"></property>
		<property name="floatingLoss"></property>
		<property name="holdMargin"></property>
		<property name="tradeFee"></property>
		<property name="delayFee"></property>
		<property name="mktdelayFee"></property>
		<property name="memberdelayFee"></property>
		<property name="oparateName"></property>
	</class>
</hibernate-mapping>
