<?xml version="1.0" encoding="utf-8"?>
<!DOCTYPE hibernate-mapping PUBLIC "-//Hibernate/Hibernate Mapping DTD 3.0//EN"
"http://hibernate.sourceforge.net/hibernate-mapping-3.0.dtd">
	<!--
	Mapping file autogenerated by MyEclipse Persistence Tools
-->
<hibernate-mapping package="gnnt.MEBS.query.model">

	<class name="CustomerLimitPriceHis" table="v_customerlimPrice_search_his" lazy="false" >
		<composite-id>
		<key-property name="clearDate"  type="date"></key-property>
			<key-property name="orderno" >
				<column name="orderNo"></column>
			</key-property>
			<key-property name="customerNo" type="java.lang.String">
				<column name="customerNo"></column>
			</key-property>
		</composite-id>
			<property name="memberNo" type="java.lang.String">
				<column name="memberNo"></column>
			</property>
			<property name="memberName" type="java.lang.String">
				<column name="memberName"></column>
			</property>
			<property name="customerName" type="java.lang.String">
				<column name="customername"></column>
			</property>
			<property name="commodityName" type="java.lang.String">
				<column name="commodityName"></column>
			</property>
			<property name="bs_flag" type="java.lang.Integer">
				<column name="bs_flag"></column>
			</property>
			<property name="qty" type="java.lang.Integer">
				<column name="qty"></column>
			</property>
			<property name="price" type="java.lang.Double">
				<column name="price"></column>
			</property>
			<property name="stopLossPrice" type="java.lang.Double">
				<column name="stoplossprice"></column>
			</property>
			<property name="stopProfitPrice" type="java.lang.Double">
				<column name="stopprofitprice"></column>
			</property>
			<property name="orderTime" >
				<column name="orderTimer"></column>
			</property>
			<property name="status" type="java.lang.Integer">
				<column name="status"></column>
			</property>
			<property name="oc_flag" type="java.lang.String">
				<column name="oc_flag"></column>
			</property>
			<property name="holdno" type="java.lang.Integer">
				<column name="holdno"></column>
			</property>
			<property name="withdrawtime" type="java.util.Date">
				<column name="withdrawtime"></column>
			</property>
			<property name="organizationno"></property>
			<property name="organizationnname"></property>
			<property name="brokerageno"></property>
			<property name="brokeragename"></property>
			<property name="ordertype"></property>
			<property name="commodityId"></property>
			<property name="tradeprice"></property>
			<property name="consignerid"></property>
			<!-- <property name="withdrawerid"></property> -->
			<property name="ordermarkerprice"></property>
			<property name="throughPrice"></property>
	</class>
</hibernate-mapping>

