<?xml version="1.0" encoding="utf-8"?>
<!DOCTYPE hibernate-mapping PUBLIC "-//Hibernate/Hibernate Mapping DTD 3.0//EN"
"http://hibernate.sourceforge.net/hibernate-mapping-3.0.dtd">
	<!--
	Mapping file autogenerated by MyEclipse Persistence Tools
-->
<hibernate-mapping package="gnnt.MEBS.query.model">

	<class name="CustomerFundSearchHis" table="v_customerfund_search_his" lazy="false" >
		
		<composite-id>
			<key-property name="customerNo" type="java.lang.String">
				<column name="customerNo"></column>
			</key-property>
			<key-property name="memberNo" type="java.lang.String">
				<column name="memberNo"></column>
			</key-property>
			<key-property name="atClearDate" type="date">
				<column name="atClearDate"></column>
			</key-property>
		</composite-id>
			<property name="customerName" type="java.lang.String">
				<column name="customerName"></column>
			</property>
			<property name="balance" type="java.lang.Double">
				<column name="balance"></column>
			</property>
			<property name="floatingLoss" type="java.lang.Double">
				<column name="floatingLoss"></column>
			</property>
			<property name="netBalance" type="java.lang.Double">
				<column name="netBalance"></column>
			</property>
			<property name="liveMargin" type="java.lang.Double">
				<column name="liveMargin"></column>
			</property>
			<property name="margin" type="java.lang.Double">
				<column name="margin"></column>
			</property>
			<property name="frozenMargin" type="java.lang.Double">
				<column name="frozenMargin"></column>
			</property>
			<property name="riskValue" type="java.lang.Double">
				<column name="riskValue"></column>
			</property>
			<property name="riskRate" type="java.lang.Double">
				<column name="riskRate"></column>
			</property>
	</class>
</hibernate-mapping>
