<?xml version="1.0" encoding="utf-8"?>
<!DOCTYPE hibernate-mapping PUBLIC "-//Hibernate/Hibernate Mapping DTD 3.0//EN"
"http://hibernate.sourceforge.net/hibernate-mapping-3.0.dtd">
<!-- Mapping file autogenerated by MyEclipse Persistence Tools -->
<hibernate-mapping package="gnnt.MEBS.query.model">

	<class name="CustomerFundFlowSearch" table="v_customerfundflow_search" lazy="false">
		<composite-id>
			<key-property name="fundFlowId" >
				<column name="fundFlowId"></column>
			</key-property>
			<key-property name="customerNo" type="java.lang.String">
				<column name="customerNo"></column>
			</key-property>
			<key-property name="memberNo" type="java.lang.String">
				<column name="memberNo"></column>
			</key-property>
		</composite-id>
		<property name="oprcode" type="java.lang.Integer">
			<column name="oprcode"></column>
		</property>

		<property name="customerName" type="java.lang.String">
			<column name="customerName"></column>
		</property>
		<property name="memberName" type="java.lang.String">
			<column name="memberName"></column>
		</property>
		<property name="organizationNo" type="java.lang.String">
			<column name="organizationNo"></column>
		</property>
		<property name="organizationName" type="java.lang.String">
			<column name="organizationName"></column>
		</property>
		<property name="brokerageNo" type="java.lang.String">
			<column name="brokerageNo"></column>
		</property>
		<property name="brokerageName" type="java.lang.String">
			<column name="brokerageName"></column>
		</property>
		
		<property name="changeAmount" type="java.lang.Double">
			<column name="amount"></column>
		</property>
		<property name="afterAmount" type="java.lang.Double">
			<column name="balance"></column>
		</property>
		<property name="contractNo" type="java.lang.String">
			<column name="contractNo"></column>
		</property>
		<property name="createTime"></property>
	</class>
</hibernate-mapping>
