<?xml version="1.0" encoding="utf-8"?>
<!DOCTYPE hibernate-mapping PUBLIC "-//Hibernate/Hibernate Mapping DTD 3.0//EN"
"http://hibernate.sourceforge.net/hibernate-mapping-3.0.dtd">
<!-- Mapping file autogenerated by MyEclipse Persistence Tools -->
<hibernate-mapping package="gnnt.MEBS.query.model">

	<class name="LogCataLogSearch" table="c_logcatalog" lazy="false" >
		<composite-id>
			<key-property name="cataLogId" type="java.lang.Long">
				<column name="catalogId" />
			</key-property>
			<key-property name="moudleId" type="java.lang.Long">
				<column name="moudleId"></column>
			</key-property>
		</composite-id>
		<property name="catalogName" type="java.lang.String">
			<column name="catalogName"></column>
		</property>
	</class>
</hibernate-mapping>
