<?xml version="1.0" encoding="utf-8"?>
<!DOCTYPE hibernate-mapping PUBLIC "-//Hibernate/Hibernate Mapping DTD 3.0//EN"
"http://hibernate.sourceforge.net/hibernate-mapping-3.0.dtd">
<!-- Mapping file autogenerated by MyEclipse Persistence Tools -->
<hibernate-mapping package="gnnt.MEBS.query.model">

	<class name="MemberOrdersSearchHis" table="v_member_orders_search_his" lazy="false" >
		<composite-id>
		    <key-property name="clearDate"  type="date"></key-property>
			<key-property name="memberNo"></key-property>
			<key-property name="tradeno"></key-property>
			<key-property name="commodityId"></key-property>
		</composite-id>
		<property name="memberName"></property>
		<property name="membersignNo"></property>
		<property name="oc_Flag"></property>
		<property name="holdno"></property>
		<property name="tradeTime"></property>
		<property name="commodityName"></property>
		<property name="quantity"></property>
		<property name="bs_flag"></property>
		<property name="openprice"></property>
		<property name="closeprice"></property>
		<property name="holdprice"></property>
		<property name="tradefee"></property>
		<property name="close_pl"></property>
		<property name="traderId"></property>
		<property name="s_memberNo"></property>
		<property name="s_Name"></property>
		<property name="s_signNo"></property>
		<property name="tradeType"></property>
		<property name="operatetype"></property>
		<property name="tradefunds"/>
		<property name="actualpl"/>
	</class>
</hibernate-mapping>
