<?xml version="1.0" encoding="utf-8"?>
<!DOCTYPE hibernate-mapping PUBLIC "-//Hibernate/Hibernate Mapping DTD 3.0//EN"
"http://hibernate.sourceforge.net/hibernate-mapping-3.0.dtd">
	<!--
	Mapping file autogenerated by MyEclipse Persistence Tools
-->
<hibernate-mapping package="gnnt.MEBS.query.model">

	<class name="MemberThSearchHis" table="v_memberTh_search_his" lazy="false" >
		<composite-id>
			<key-property name="memberNo" type="java.lang.String">
				<column name="memberNo"></column>
			</key-property>
			<key-property name="name" type="java.lang.String">
				<column name="memberName"></column>
			</key-property>
			<key-property name="clearDate" type="date">
				<column name="clearDate"></column>
			</key-property>
		</composite-id>
			<property name="memberMarginTh" type="java.lang.Double">
				<column name="minriskfund"></column>
			</property>
			<property name="customerMarginTh" type="java.lang.Double">
				<column name="cu_f_warnth"></column>
			</property>
			<property name="memberFreezeTh" type="java.lang.Double">
				<column name="frozenth"></column>
			</property>
			<property name="memberNetHoldTh" type="java.lang.Double">
				<column name="warnth"></column>
			</property>
			<property name="traderate" type="java.lang.Double">
				<column name="m_selftraderate"></column>
			</property>
	</class>
</hibernate-mapping>
