<?xml version="1.0" encoding="utf-8"?>
<!DOCTYPE hibernate-mapping PUBLIC "-//Hibernate/Hibernate Mapping DTD 3.0//EN"
"http://hibernate.sourceforge.net/hibernate-mapping-3.0.dtd">
	<!--
	Mapping file autogenerated by MyEclipse Persistence Tools
-->
<hibernate-mapping package="gnnt.MEBS.query.model">

	<class name="MemberFreezeSearch" table="v_memberFreeze_search" lazy="false" >
		<composite-id>
			<key-property name="commodity_tradeId" type="java.lang.String">
				<column name="commodityid"></column>
			</key-property>
			<key-property name="memberNo" type="java.lang.String">
				<column name="memberno"></column>
			</key-property>
			<key-property name="memberName" type="java.lang.String">
				<column name="memberName"></column>
			</key-property>
		</composite-id>
			<property name="commodityName" type="java.lang.String">
				<column name="commodityName"></column>
			</property>
			<property name="freeze_date" type="java.util.Date">
				<column name="freezedate"></column>
			</property>
			<property name="trade_date" type="java.util.Date">
				<column name="tradedate"></column>
			</property>
			<property name="b_price" type="java.lang.Double">
				<column name="curprice_b"></column>
			</property>
			<property name="s_price" type="java.lang.Double">
				<column name="curprice_s"></column>
			</property>
		
	</class>
</hibernate-mapping>
