<?xml version="1.0" encoding="utf-8"?>
<!DOCTYPE hibernate-mapping PUBLIC "-//Hibernate/Hibernate Mapping DTD 3.0//EN"
"http://hibernate.sourceforge.net/hibernate-mapping-3.0.dtd">
<!-- Mapping file autogenerated by MyEclipse Persistence Tools -->
<hibernate-mapping package="gnnt.MEBS.query.model">

	<class name="MemberFundFlowSearchHis" table="v_member_fundsflow_search_his" lazy="false" >
		<composite-id>
			<key-property name="fundFlowId">
				<column name="fundFlowId"></column>
			</key-property>
			
			<key-property name="memberNo" type="java.lang.String">
				<column name="memberNo"></column>
			</key-property>
			<key-property name="clearDate" type="date">
			<column name="clearDate"></column>
			</key-property>
		
		</composite-id>
		<property name="oprcode" type="java.lang.Integer">
			<column name="oprcode"></column>
		</property>

		<property name="memberName" type="java.lang.String">
			<column name="memberName"></column>
		</property>
		<property name="amount" type="java.lang.Double">
			<column name="amount"></column>
		</property>
		<property name="balance" type="java.lang.Double">
			<column name="balance"></column>
		</property>
		<property name="voucherno" type="java.lang.Long">
			<column name="voucherno"></column>
		</property>
		<property name="createtime" type="java.util.Date">
			<column name="createtime"></column>
		</property>
		
	</class>
</hibernate-mapping>
