<?xml version="1.0" encoding="utf-8"?>
<!DOCTYPE hibernate-mapping PUBLIC "-//Hibernate/Hibernate Mapping DTD 3.0//EN"
"http://hibernate.sourceforge.net/hibernate-mapping-3.0.dtd">
<!-- Mapping file autogenerated by MyEclipse Persistence Tools -->
<hibernate-mapping package="gnnt.MEBS.query.model">

	<class name="MemberHoldSearchHis" table="v_memberhold_search_His" lazy="false" >
		<composite-id>
			<key-property name="memberNo" type="java.lang.String">
				<column name="memberNo"></column>
			</key-property>
			<key-property name="holdNo">
				<column name="holdNo"></column>
			</key-property>
			<key-property name="clearDate" type="date">
				<column name="clearDate"></column>
			</key-property>
			<key-property name="commodityId" type="java.lang.String">
				<column name="commodityId"></column>
			</key-property>
		</composite-id>
		<property name="memberName" type="java.lang.String">
			<column name="memberName"></column>
		</property>
		<!--<property name="mem_TradeId" type="java.lang.String">
			<column name="membertradeNo"></column>
		</property>  -->
		<property name="traderId" type="java.lang.String">
			<column name="traderId"></column>
		</property>
		<!-- <property name="tradeType" type="java.lang.Integer">
			<column name="tradeType"></column>
		</property> -->
		<property name="commodityName" type="java.lang.String">
			<column name="commodityName"></column>
		</property>
		<property name="holdQty" type="java.lang.Integer">
			<column name="holdQty"></column>
		</property>
		<property name="bs_flag" type="java.lang.Integer">
			<column name="bs_flag"></column>
		</property>
		<property name="holdTime" type="java.util.Date">
			<column name="holdTime"></column>
		</property>
		<property name="s_memberNo" type="java.lang.String">
			<column name="s_memberno"></column>
		</property>
		<property name="s_memberName" type="java.lang.String">
			<column name="s_membername"></column>
		</property>
		<!-- <property name="o_firmName" type="java.lang.String">
			<column name="s_membername"></column>
		</property> -->
		<property name="openPrice" type="java.lang.Double">
			<column name="openPrice"></column>
		</property>
		<property name="holdPrice" type="java.lang.Double">
			<column name="holdPrice"></column>
		</property>

		<property name="clearprice" type="java.lang.Double">
			<column name="clearprice"></column>
		</property>
		<property name="floatingLoss" type="java.lang.Double">
			<column name="floatingLoss"></column>
		</property>
		<!-- <property name="tradeFee" type="java.lang.Double">
			<column name="tradeFee"></column>
		</property>-->
		<property name="delayFee" type="java.lang.Double">
			<column name="delayFee"></column>
		</property>
		<property name="mktdelayFee" type="java.lang.Double">
			<column name="mktdelayFee"></column>
		</property>
		<property name="memberdelayFee" type="java.lang.Double">
			<column name="memberdelayFee"></column>
		</property>
		
	</class>
</hibernate-mapping>
