<?xml version="1.0" encoding="utf-8"?>
<!DOCTYPE hibernate-mapping PUBLIC "-//Hibernate/Hibernate Mapping DTD 3.0//EN"
"http://hibernate.sourceforge.net/hibernate-mapping-3.0.dtd">
<!-- Mapping file autogenerated by MyEclipse Persistence Tools -->
<hibernate-mapping package="gnnt.MEBS.query.model">

	<class name="QutationDetailSearch" table="v_quotation" lazy="false" >
		<composite-id>
			<key-property name="detailId" type="java.lang.String">
				<column name="detailId"></column>
			</key-property>
		</composite-id>
		<property name="clearDate" type="java.util.Date">
			<column name="clearDate"></column>
		</property>
		<property name="commodityId" type="java.lang.String">
			<column name="commodityId"></column>
		</property>
		<property name="occurTime" type="java.util.Date">
			<column name="occurTime"></column>
		</property>
		<property name="price" type="java.lang.Double">
			<column name="price"></column>
		</property>
	</class>
</hibernate-mapping>
