<?xml version="1.0" encoding="utf-8"?>
<!DOCTYPE hibernate-mapping PUBLIC "-//Hibernate/Hibernate Mapping DTD 3.0//EN"
"http://hibernate.sourceforge.net/hibernate-mapping-3.0.dtd">
<!-- Mapping file autogenerated by MyEclipse Persistence Tools -->
<hibernate-mapping package="gnnt.MEBS.query.model">

	<class name="SettlementBankFundSearch" table="F_FirmBalance_Bank" lazy="false" >
		<composite-id>
			<key-property name="firmId" type="java.lang.String">
				<column name="firmId"></column>
			</key-property>
			<key-property name="bankCode" type="java.lang.String">
				<column name="bankCode"></column>
			</key-property>
			<key-property name="b_date" type="java.util.Date">
				<column name="b_date"></column>
			</key-property>
		</composite-id>
		<property name="fundio" type="java.lang.Double">
			<column name="fundio"></column>
		</property>
		<property name="closepl" type="java.lang.Double">
			<column name="closepl"></column>
		</property>
		<property name="holdpl" type="java.lang.Double">
			<column name="holdpl"></column>
		</property>
		<property name="tradefee" type="java.lang.Double">
			<column name="tradefee"></column>
		</property>
		<property name="delayfee" type="java.lang.Double">
			<column name="delayfee"></column>
		</property>
		<property name="capital" type="java.lang.Double">
			<column name="capital"></column>
		</property>
		<property name="lastcapital" type="java.lang.Double">
			<column name="lastcapital"></column>
		</property>
	</class>
</hibernate-mapping>
