<?xml version="1.0" encoding="utf-8"?>
<!DOCTYPE hibernate-mapping PUBLIC "-//Hibernate/Hibernate Mapping DTD 3.0//EN"
"http://hibernate.sourceforge.net/hibernate-mapping-3.0.dtd">
<!-- Mapping file autogenerated by MyEclipse Persistence Tools -->
<hibernate-mapping package="gnnt.MEBS.query.model">

	<class name="SpecialMemberTradeSearch" table="v_sm_close_search" lazy="false" >
		<composite-id>
			<key-property name="tradeNo" type="java.lang.String">
				<column name="tradeNo"></column>
			</key-property>
		</composite-id>
		<property name="s_memberNo" type="java.lang.String">
				<column name="s_memberNo"></column>
		</property>
		<property name="s_name" type="java.lang.String">
				<column name="s_name"></column>
		</property>
		<property name="memberNo" type="java.lang.String">
				<column name="memberNo"></column>
		</property>
		<property name="memberName" type="java.lang.String">
				<column name="memberName"></column>
		</property>
		<property name="memberSignNo" type="java.lang.String">
				<column name="memberSignNo"></column>
		</property>
		<property name="commodityId" type="java.lang.String">
				<column name="commodityId"></column>
		</property>
		<property name="commodityName" type="java.lang.String">
				<column name="commodityName"></column>
		</property>
		<property name="bs_flag" type="java.lang.String">
				<column name="bs_flag"></column>
		</property>
		<property name="quantity" type="java.lang.Integer">
				<column name="quantity"></column>
		</property>
		<property name="price" type="java.lang.Double">
				<column name="price"></column>
		</property>
		<property name="holdPrice" type="java.lang.Double">
				<column name="holdPrice"></column>
		</property>
		<property name="close_pl" type="java.lang.Double">
				<column name="close_pl"></column>
		</property>
		<property name="opentradeno" type="java.lang.Integer">
				<column name="opentradeno"></column>
		</property>
		<property name="openPrice" type="java.lang.Double">
				<column name="openPrice"></column>
		</property>
		<property name="holdTime" type="java.util.Date">
				<column name="holdTime"></column>
		</property>
		<property name="delayFee" type="java.lang.Double">
				<column name="delayFee"></column>
		</property>
		<property name="holdNo" type="java.lang.Integer">
				<column name="holdNo"></column>
		</property>
		<property name="tradeType" type="java.lang.String">
				<column name="tradeType"></column>
		</property>
		<property name="isSwitching" type="java.lang.String">
				<column name="isSwitching"></column>
		</property>
		<property name="closetime" type="java.util.Date">
				<column name="closetime"></column>
		</property>
		<property name="s_memberno" type="java.lang.String">
				<column name="s_memberno"></column>
		</property>
		<property name="isDelegate" type="java.lang.String">
				<column name="isDelegate"></column>
		</property>
		<property name="s_signno" type="java.lang.String">
				<column name="s_signno"></column>
		</property>
	</class>
</hibernate-mapping>
