<?xml version="1.0" encoding="utf-8"?>
<!DOCTYPE hibernate-mapping PUBLIC "-//Hibernate/Hibernate Mapping DTD 3.0//EN"
"http://hibernate.sourceforge.net/hibernate-mapping-3.0.dtd">
	<!--
	Mapping file autogenerated by MyEclipse Persistence Tools
-->
<hibernate-mapping package="gnnt.MEBS.query.model">

	<class name="SpecialMemberSearch" table="v_specialMember_search" lazy="false" >
		<composite-id>
			<key-property name="s_memberNo" type="java.lang.String">
				<column name="s_memberNo"></column>
			</key-property>
			<key-property name="specialMemberName" type="java.lang.String">
				<column name="s_memberName"></column>
			</key-property>
		</composite-id>
			<property name="riskMargin" type="java.lang.Double">
				<column name="balance"></column>
			</property>
			<property name="specialLossPeak" type="java.lang.Double">
				<column name="floatingLoss"></column>
			</property>
			<property name="specialLossPeakPro" type="java.lang.Double">
				<column name="fl_percent"></column>
			</property>
	</class>
</hibernate-mapping>
