<?xml version="1.0" encoding="utf-8"?>
<!DOCTYPE hibernate-mapping PUBLIC "-//Hibernate/Hibernate Mapping DTD 3.0//EN"
"http://hibernate.sourceforge.net/hibernate-mapping-3.0.dtd">
	<!--
	Mapping file autogenerated by MyEclipse Persistence Tools
-->
<hibernate-mapping package="gnnt.MEBS.query.model">

	<class name="SpecialMemberOrderSearch" table="v_sm_orders_search" lazy="false" >
		<composite-id>
			<key-property name="s_memberNo" type="java.lang.String">
				<column name="s_memberNo"></column>
			</key-property>
			<key-property name="tradeNo">
				<column name="tradeNo"></column>
			</key-property>
			<key-property name="commodityId" type="java.lang.String">
				<column name="commodityId"></column>
			</key-property>
		</composite-id>
			<property name="s_name"/>
			<property name="s_signNo"/>
			<property name="oc_flag"/>
			<property name="holdNo"/>
			<property name="tradeTime"/>
			<property name="commodityName"/>
			<property name="quantity"/>
			<property name="bs_flag"/>
			<property name="openprice"/>
			<property name="closeprice"/>
			<property name="holdprice"/>
			<property name="close_pl"/>
			<property name="traderId"/>
			<property name="memberNo"/>
			<property name="memberName"/>
			<property name="memberSignNo"/>
			<property name="tradetype"/>
			<property name="operatetype"/>
			<property name="tradefunds"/>
			<property name="actualpl"/>
	</class>
</hibernate-mapping>
