<?xml version="1.0" encoding="utf-8"?>
<!DOCTYPE hibernate-mapping PUBLIC "-//Hibernate/Hibernate Mapping DTD 3.0//EN"
"http://hibernate.sourceforge.net/hibernate-mapping-3.0.dtd">
<!-- Mapping file autogenerated by MyEclipse Persistence Tools -->
<hibernate-mapping package="gnnt.MEBS.query.model">

	<class name="SpecialMemberFundSearch" table="v_sm_fund_search" lazy="false" >
		<composite-id>
			<key-property name="s_memberNo"></key-property>
		</composite-id>
		<property name="s_memberName"></property>
		<property name="beginningCaptical"></property>
		<property name="runtimeFundio"></property>
		<property name="runtimeClosepl"></property>
		<property name="floatingLoss"></property>
		<property name="presentCaptical"></property>
		<property name="riskRate"></property>
		<property name="status"></property>
	</class>
</hibernate-mapping>
