<?xml version="1.0" encoding="utf-8"?>
<!DOCTYPE hibernate-mapping PUBLIC "-//Hibernate/Hibernate Mapping DTD 3.0//EN"
"http://hibernate.sourceforge.net/hibernate-mapping-3.0.dtd">
	<!--
	Mapping file autogenerated by MyEclipse Persistence Tools
-->
<hibernate-mapping package="gnnt.MEBS.query.model">

	<class name="SpecialMemberHoldHisSearch" table="v_sm_hold_search_his" lazy="false" >
		<composite-id>
			<key-property name="s_memberNo" type="java.lang.String">
				<column name="s_memberNo"></column>
			</key-property>
			<key-property name="openTradeNo">
				<column name="holdNo"></column>
			</key-property>
			<key-property name="commodityId" type="java.lang.String">
				<column name="commodityId"></column>
			</key-property>
			<key-property name="clearDate" type="date">
				<column name="clearDate"></column>
			</key-property>
		</composite-id>
			<property name="holdTime" type="java.util.Date">
				<column name="holdTime"></column>
			</property>
			<property name="s_name" type="java.lang.String">
				<column name="s_name"></column>
			</property>
			<property name="memberNo" type="java.lang.String">
				<column name="memberNo"></column>
			</property>
			<property name="memberName" type="java.lang.String">
				<column name="memberName"></column>
			</property>
			<property name="s_signNo" type="java.lang.String">
				<column name="s_signNo"></column>
			</property>
			<property name="commodityName" type="java.lang.String">
				<column name="commodityName"></column>
			</property>
			<property name="bs_flag" type="java.lang.String">
				<column name="bs_flag"></column>
			</property>
			<property name="holdQty" type="java.lang.Integer">
				<column name="holdQty"></column>
			</property>
			<property name="holdPrice" type="java.lang.Double">
				<column name="holdPrice"></column>
			</property>
			<property name="openPrice" type="java.lang.Double">
				<column name="openPrice"></column>
			</property>
			<property name="price" type="java.lang.Double">
				<column name="clearprice"></column>
			</property>
			<property name="holdPl" type="java.lang.Double">
				<column name="floatingloss"></column>
			</property>
			<property name="delayFee" type="java.lang.Double">
				<column name="delayFee"></column>
			</property>
			<property name="traderId" type="java.lang.String">
				<column name="traderId"></column>
			</property>
			
	</class>
</hibernate-mapping>
