<?xml version="1.0" encoding="utf-8"?>
<!DOCTYPE hibernate-mapping PUBLIC "-//Hibernate/Hibernate Mapping DTD 3.0//EN"
"http://hibernate.sourceforge.net/hibernate-mapping-3.0.dtd">
	<!--
	Mapping file autogenerated by MyEclipse Persistence Tools
-->
<hibernate-mapping package="gnnt.MEBS.query.model">

	<class name="SpecialMemberFundFlowSearch" table="v_sm_fundsflow_search" lazy="false" >
		<composite-id>
			<key-property name="s_memberNo" type="java.lang.String">
				<column name="s_memberNo"></column>
			</key-property>
			<key-property name="fundFlowId"></key-property>
		</composite-id>
			<property name="s_name"/>
			<property name="s_signNo"/>
			<property name="oprcode"/>
			<property name="createTime"/>
			<property name="amount"/>
			<property name="balance"/>
			<property name="voucherno"/>
	</class>
</hibernate-mapping>
