<?xml version="1.0" encoding="utf-8"?>
<!DOCTYPE hibernate-mapping PUBLIC "-//Hibernate/Hibernate Mapping DTD 3.0//EN"
"http://hibernate.sourceforge.net/hibernate-mapping-3.0.dtd">
<!-- Mapping file autogenerated by MyEclipse Persistence Tools -->
<hibernate-mapping package="gnnt.MEBS.query.model">

	<class name="SysLogSearch" table="c_globalLog_all" lazy="false" >
		<id name="id" type="java.lang.Long">
			<column name="id" />
		</id>
		<property name="operator">
			<column name="operator"></column>
		</property>
		<property name="operateIp">
			<column name="operateIp"></column>
		</property>
		<property name="operateType">
			<column name="operateType"></column>
		</property>
		<property name="operateContent">
			<column name="operateContent"></column>
		</property>
		<property name="operateTime">
			<column name="operateTime"></column>
		</property>
		<property name="operateResult">
			<column name="operateResult"></column>
		</property>
		<property name="operatorType">
			<column name="operatorType"></column>
		</property>
		<property name="mark">
			<column name="mark"></column>
		</property>
	</class>
</hibernate-mapping>
