<?xml version="1.0" encoding="utf-8"?>
<!DOCTYPE hibernate-mapping PUBLIC "-//Hibernate/Hibernate Mapping DTD 3.0//EN"
"http://hibernate.sourceforge.net/hibernate-mapping-3.0.dtd">
<!-- Mapping file autogenerated by MyEclipse Persistence Tools -->
<hibernate-mapping package="gnnt.MEBS.query.model">

	<class name="TradeOrderSearch" table="v_tradeOrder" lazy="false" >
		<composite-id>
			<key-property name="orderno">
				<column name="orderno"></column>
			</key-property>
			<key-property name="tradeId">
				<column name="tradeId"></column>
			</key-property>
			<key-property name="firmId">
				<column name="firmId"></column>
			</key-property>
			<key-property name="commodityId">
				<column name="commodityId"></column>
			</key-property>
		</composite-id>
		<property name="bs_flag"></property>
		<property name="oc_flag"></property>
		<property name="orderType"></property>
		<property name="status"></property>
		<property name="quantity"></property>
		<property name="orderTime"></property>
		<property name="price"></property>
		<property name="tradePrice"></property>
		<property name="stopLossPrice"></property>
		<property name="stopProfitPrice"></property>
		<property name="freezenMagin"></property>
		<property name="closeMode"></property>
		<property name="holdNo"></property>
		<property name="withDrawTime"></property>
		<property name="withDrawType"></property>
	</class>
</hibernate-mapping>
