<?xml version="1.0" encoding="utf-8"?>
<!DOCTYPE hibernate-mapping PUBLIC "-//Hibernate/Hibernate Mapping DTD 3.0//EN"
"http://hibernate.sourceforge.net/hibernate-mapping-3.0.dtd">
	<!--
	Mapping file autogenerated by MyEclipse Persistence Tools
-->
<hibernate-mapping package="gnnt.MEBS.announcement.model">

	<class name="HisOKNotice" table="T_OKNotice_H" dynamic-update="true">
		<id name="id" type="java.lang.Long">
			<column name="ID" />
			<generator class="native">
			   <param name="sequence">SEQ_T_H_OKNotice</param>
			</generator>
		</id>
		<property name="noticeId"></property>
		<property name="recipient"></property>
		<property name="recipientType"></property>
		<property name="status"></property>
		<property name="clearDate"></property>
		<property name="noticeTarget"></property>
		<property name="isIncludeSub"></property>
	</class>
</hibernate-mapping>
