<?xml version="1.0" encoding="utf-8"?>
<!DOCTYPE hibernate-mapping PUBLIC "-//Hibernate/Hibernate Mapping DTD 3.0//EN"
"http://hibernate.sourceforge.net/hibernate-mapping-3.0.dtd">
	<!--
	Mapping file autogenerated by MyEclipse Persistence Tools
-->
<hibernate-mapping package="gnnt.MEBS.announcement.model">

	<class name="Trade" table="T_Trade" dynamic-update="true">
		<id name="tradeNo" type="java.lang.Long">
			<column name="tradeNo" />
			<generator class="native">
			   <param name="sequence">SEQ_TRADENO</param>
			</generator>
		</id>
		<property name="o_firmId"></property>
		<property name="orderNo"></property>
		<property name="holdNo"></property>
		<property name="bs_flag"></property>
		<property name="firmId"></property>
		<property name="commodityId"></property>
		<property name="o_bs_flag"></property>
		<property name="oc_flag"></property>
		<property name="quantity"></property>
	</class>
</hibernate-mapping>
