<?xml version="1.0" encoding="GBK"?>
<!DOCTYPE hibernate-mapping PUBLIC "-//Hibernate/Hibernate Mapping DTD 3.0//EN"
"http://hibernate.sourceforge.net/hibernate-mapping-3.0.dtd">
	<!--
	Mapping file autogenerated by MyEclipse Persistence Tools
-->
<hibernate-mapping package="gnnt.MEBS.common.mgr.model">

	<class name="Audit" table="C_AUDIT" dynamic-update="true" lazy="false">
		<id name="id" type="java.lang.Long">
			<column name="ID" />
			<generator class="native">
			   <param name="sequence">SEQ_C_AUDIT</param>
			</generator>
		</id>
		<property name="status" not-null="true"></property>
		<property name="auditUser" not-null="true"></property>
		<property name="modTime" not-null="true"></property>
		<many-to-one name="apply" column="applyId" unique="true" />
	</class>
</hibernate-mapping>
