<?xml version="1.0" encoding="utf-8"?>
<!DOCTYPE hibernate-mapping PUBLIC "-//Hibernate/Hibernate Mapping DTD 3.0//EN"
"http://hibernate.sourceforge.net/hibernate-mapping-3.0.dtd">
	<!--
	Mapping file autogenerated by MyEclipse Persistence Tools
-->
<hibernate-mapping package="gnnt.MEBS.account.model">

	<class name="Organization" table="M_B_Organization" dynamic-update="true">
		<id name="organizationNO" type="java.lang.String">
			<column name="OrganizationNO" />
			<generator class="assigned" />
		</id>
		<property name="parentOrganizationNO"></property>
		<property name="memberNo"></property>
		<property name="password"></property>
		<property name="name"></property>
		<property name="telephone"></property>
		<property name="mobile"></property>
		<property name="email"></property>
		<property name="address"></property>
	</class>
</hibernate-mapping>
