<?xml version="1.0" encoding="GBK"?>
<!DOCTYPE hibernate-mapping PUBLIC "-//Hibernate/Hibernate Mapping DTD 3.0//EN"
"http://hibernate.sourceforge.net/hibernate-mapping-3.0.dtd">
	<!--
		Mapping file autogenerated by MyEclipse Persistence Tools
	-->
<hibernate-mapping>
	<class name="gnnt.MEBS.integrated.broker.model.brokerage.BrokerageAndFirm" table="BR_BrokerAgeAndFirm" dynamic-update="true" lazy="false">
		<composite-id>
			<key-property name="brokerAgeId"></key-property>
			<key-property name="firmId"></key-property>
		</composite-id>
		<property name="bindType" type="java.lang.String">
			<column name="bindType" length="128" />
		</property>
		<property name="bindTime">
			<column name="bindTime" length="128" />
		</property>
		
		<many-to-one name="mfirm" class="gnnt.MEBS.common.broker.model.MFirm" column="firmId" insert="false" update="false"/>
		
		<many-to-one name="brokerAge" class="gnnt.MEBS.common.broker.model.BrokerAge" column="brokerAgeId" insert="false" update="false"/>
	</class>
</hibernate-mapping>
