<?xml version="1.0" encoding="GBK"?>
<!DOCTYPE hibernate-mapping PUBLIC "-//Hibernate/Hibernate Mapping DTD 3.0//EN"
"http://hibernate.sourceforge.net/hibernate-mapping-3.0.dtd">
	<!--
	Mapping file autogenerated by MyEclipse Persistence Tools
-->
<hibernate-mapping package="gnnt.MEBS.common.broker.model">
	<class name="Apply" table="c_apply" dynamic-update="true" lazy="false">
		<id name="id" type="java.lang.Long">
			<column name="ID" />
			<generator class="native">
				<param name="sequence">SEQ_M_APPLY</param>
			</generator>
		</id>
		<property name="operateType" not-null="true"></property>
		<property name="applyType" not-null="true"></property>
		<property name="applyUser" not-null="true"></property>
		<property name="content" not-null="true"></property>
		<property name="entityClass" not-null="true"></property>
		<property name="status" not-null="true"></property>
		<property name="discribe"></property>
		<property name="createTime" not-null="true"></property>
		<property name="modTime"></property>
		<property name="note"></property>
	</class>
</hibernate-mapping>
