<?xml version="1.0" encoding="GBK"?>
<!DOCTYPE hibernate-mapping PUBLIC "-//Hibernate/Hibernate Mapping DTD 3.0//EN"
"http://hibernate.sourceforge.net/hibernate-mapping-3.0.dtd">
	<!--
		Mapping file autogenerated by MyEclipse - Hibernate Tools
	-->
<hibernate-mapping>
	<class name="gnnt.MEBS.common.broker.model.BrokerAge" table="BR_Brokerage" lazy="false" dynamic-update="true" dynamic-insert="true">
		<id name="brokerAgeId" type="java.lang.String">
			<column name="brokerAgeId" length="128" />
		</id>
		<property name="password" type="java.lang.String">
			<column name="PASSWORD" length="512" />
		</property>
		<property name="name" type="java.lang.String">
			<column name="NAME" length="128" />
		</property>
		<property name="idCard" type="java.lang.String">
			<column name="IDCARD" length="512" />
		</property>
		<property name="telephone" type="java.lang.String">
			<column name="TELEPHONE" length="512" />
		</property>
		<property name="mobile" type="java.lang.String">
			<column name="MOBILE" length="512" />
		</property>
		<property name="email" type="java.lang.String">
			<column name="EMAIL" length="512" />
		</property>
		<property name="address" type="java.lang.String">
			<column name="ADDRESS" length="512" />
		</property>
		<property name="postCode" type="java.lang.String">
			<column name="POSTCODE" length="512" />
		</property>
		<property name="note" type="java.lang.String">
			<column name="NOTE" length="512" />
		</property>		
		<property name="brokerId" type="java.lang.String">
			<column name="brokerId" length="128" />
		</property>
		<property name="pbrokerAgeId" type="java.lang.String">
			<column name="pbrokerAgeId" length="128" />
		</property>
		<property name="creatTime">
			<column name="creatTime" length="128" />
		</property>
		
		<many-to-one name="broker" class="gnnt.MEBS.common.broker.model.Broker" column="brokerId" insert="false" update="false"/>
		
		<many-to-one name="brokerAge" class="gnnt.MEBS.common.broker.model.BrokerAge" column="pbrokerAgeId" insert="false" update="false"/>
	</class>
</hibernate-mapping>
