<?xml version="1.0" encoding="GBK"?>
<!DOCTYPE hibernate-mapping PUBLIC "-//Hibernate/Hibernate Mapping DTD 3.0//EN"
"http://hibernate.sourceforge.net/hibernate-mapping-3.0.dtd">
	<!--
		Mapping file autogenerated by MyEclipse - Hibernate Tools
	-->
<hibernate-mapping>
	<class name="gnnt.MEBS.common.broker.model.Broker" table="BR_BROKER" lazy="false" dynamic-update="true" dynamic-insert="true">
		<id name="brokerId" type="java.lang.String">
			<column name="brokerId" length="128" />
		</id>
		<property name="password" type="java.lang.String">
			<column name="PASSWORD" length="512" />
		</property>
		<property name="name" type="java.lang.String">
			<column name="NAME" length="128" />
		</property>
		<property name="mobile" type="java.lang.String">
			<column name="mobile" length="512" />
		</property>
		<property name="telephone" type="java.lang.String">
			<column name="telephone" length="512" />
		</property>
		<property name="email" type="java.lang.String">
			<column name="email" length="128" />
		</property>
		<property name="address" type="java.lang.String">
			<column name="address" length="128" />
		</property>
		<property name="note" type="java.lang.String">
			<column name="note" length="128" />
		</property>
		<property name="firmId" type="java.lang.String">
			<column name="firmId" length="128" />
		</property>
		<property name="areaId" type="java.lang.String">
			<column name="areaId" length="128" />
		</property>
		<property name="memberType" type="java.lang.String">
			<column name="memberType" length="128" />
		</property>
		<property name="timeLimit">
			<column name="timeLimit" length="128" />
		</property>
		<set name="rightSet" table="br_brokerright" cascade="none" lazy="false"
			fetch="select">
			<key column="brokerId" />
			<many-to-many class="gnnt.MEBS.common.broker.model.Right"
				column="id" />
		</set>
	</class>
</hibernate-mapping>
