<?xml version="1.0" encoding="GBK"?>
<!DOCTYPE hibernate-mapping PUBLIC "-//Hibernate/Hibernate Mapping DTD 3.0//EN"
                                   "http://hibernate.sourceforge.net/hibernate-mapping-3.0.dtd">
<!-- Mapping file autogenerated by MyEclipse Persistence Tools -->
<hibernate-mapping>
	<class dynamic-update="true" name="gnnt.MEBS.common.broker.model.OperateLogHis" table="c_globallog_all_H" lazy="false">
		<id name="id"></id>
		<property  name="operator" />
		<property  name="operateTime"/>
		<property  name="operateIp" />
		<property  name="operatorType"/>
		<property  name="operateContent" />
		<property  name="mark"/>
		<property  name="currentValue" />
		<property  name="operateResult" />
		
		<many-to-one name="logCatalog" column="operateType" class="gnnt.MEBS.common.broker.model.LogCatalog"/>
	</class>
</hibernate-mapping>
