<?xml version="1.0" encoding="GBK"?>
<!DOCTYPE hibernate-mapping PUBLIC "-//Hibernate/Hibernate Mapping DTD 3.0//EN"
"http://hibernate.sourceforge.net/hibernate-mapping-3.0.dtd">
	<!--
	Mapping file autogenerated by MyEclipse Persistence Tools
-->
<hibernate-mapping package="gnnt.MEBS.common.broker.model">
	<class name="TradeModule" table="C_TradeModule" dynamic-update="true" lazy="false">
		<id name="moduleId"></id>

		<property name="cnName"></property>
		<property name="enName"></property>
		<property name="shortName"></property>
		<property name="addFirmFn"></property>
		<property name="updateFirmStatusFn"></property>
		<property name="delFirmFn"></property>
		<property name="isFirmSet"></property>
	</class>
</hibernate-mapping>
