<?xml version="1.0" encoding="utf-8"?>
<!DOCTYPE hibernate-mapping PUBLIC "-//Hibernate/Hibernate Mapping DTD 3.0//EN"
"http://hibernate.sourceforge.net/hibernate-mapping-3.0.dtd">
<!-- Mapping file autogenerated by MyEclipse Persistence Tools -->
<hibernate-mapping package="gnnt.MEBS.query.model">

	<class name="FundOutInSearchOfMember" table="V_FUNDOUTIN" lazy="false">
		<composite-id>
			<key-property name="firmId" type="java.lang.String">
				<column name="firmId"></column>
			</key-property>
			<key-property name="bankCode" type="java.lang.String">
			<column name="bankCode"></column>
		</key-property>
		</composite-id>
		<property name="firmType" type="java.lang.String">
			<column name="firmType"></column>
		</property>
		<property name="firmName" type="java.lang.String">
			<column name="firmName"></column>
		</property>
		<property name="bankName" type="java.lang.String">
			<column name="bankName"></column>
		</property>
		<property name="lastcapital" type="java.lang.Double">
			<column name="lastcapital"></column>
		</property>
		<property name="fundoutbank" type="java.lang.Double">
			<column name="fundoutbank"></column>
		</property>
		<property name="v_lastcapital" type="java.lang.Double">
			<column name="v_lastcapital"></column>
		</property>
		
		<property name="v_balancebegin" type="java.lang.Double">
			<column name="v_balancebegin"></column>
		</property>
		
		<property name="v_balance" type="java.lang.Double">
			<column name="v_balance"></column>
		</property>
		
		<property name="v_fundin" type="java.lang.Double">
			<column name="v_fundin"></column>
		</property>
		
		<property name="v_fundout" type="java.lang.Double">
			<column name="v_fundout"></column>
		</property>
		
		<property name="minriskfund" type="java.lang.Double">
			<column name="minriskfund"></column>
		</property>
		
		<property name="v_canoutfund" type="java.lang.Double">
			<column name="v_canoutfund"></column>
		</property>
		
		<property name="bank_canoutfund" type="java.lang.Double">
			<column name="bank_canoutfund"></column>
		</property>
		<property name="unfrozenmargen" type="java.lang.Double">
			<column name="unfrozenmargen"></column>
		</property>
	</class>
</hibernate-mapping>
