<?xml version="1.0"?>
<!DOCTYPE hibernate-mapping PUBLIC "-//Hibernate/Hibernate Mapping DTD 3.0//EN"
"http://hibernate.sourceforge.net/hibernate-mapping-3.0.dtd">
	<!--
		通过配置文件配置 Model 类与数据库表之间的字段联系
	将本配置文件配置到 hibernate.cfg.xml 中
	-->
<hibernate-mapping package="gnnt.MEBS.timebargain.mgr.model.dataquery">
	<class name="Customers" table="T_CUSTOMER" lazy="false">
		<id name="customerId" column="CUSTOMERID">
		   <generator class="native"></generator>
		</id>
		<property name="firmId" />
		<property name="code" />
		<property name="name" />
		<property name="status" />
		<property name="createTime" />
		<property name="modifyTime" />
	</class>
</hibernate-mapping>
