<?xml version="1.0"?>
<!DOCTYPE hibernate-mapping PUBLIC "-//Hibernate/Hibernate Mapping DTD 3.0//EN"
"http://hibernate.sourceforge.net/hibernate-mapping-3.0.dtd">
	<!--
		通过配置文件配置 Model 类与数据库表之间的字段联系
	将本配置文件配置到 hibernate.cfg.xml 中
	-->
<hibernate-mapping package="gnnt.MEBS.timebargain.mgr.model.dataquery">
	<class name="HistoryFirmHoldSumModel" table="T_H_FIRMHOLDSUM" lazy="false">
		<composite-id>
		  <key-property name="clearDate"/>
		  <key-property name="firmID" column="FIRMID" />
		  <key-property name="commodityId"/>
		  <key-property name="flag" column="BS_FLAG"/>
		</composite-id>
		
		<property name="holdQty"/>
		<property name="holdFunds" />
		<property name="floatingLoss" />
		<property name="evenPrice" />
		
		<property name="holdMargin" />
		<property name="gageQty" />
		<property name="holdAssure" />
		
		<many-to-one name="mFirmModel" class="MFirmModel"
			column="FIRMID" not-found="ignore" cascade="all" unique="true" insert="false" update="false"></many-to-one>
	</class>
</hibernate-mapping>
