<?xml version="1.0"?>
<!DOCTYPE hibernate-mapping PUBLIC "-//Hibernate/Hibernate Mapping DTD 3.0//EN"
"http://hibernate.sourceforge.net/hibernate-mapping-3.0.dtd">
	<!--
		通过配置文件配置 Model 类与数据库表之间的字段联系
	将本配置文件配置到 hibernate.cfg.xml 中
	-->
<hibernate-mapping package="gnnt.MEBS.timebargain.mgr.model.dataquery">
	<class name="SettleCommodityModel" table="T_SETTLECOMMODITY" lazy="false">
		<composite-id>
		  <key-property name="settleProcessDate" column="SETTLEPROCESSDATE"/>
		  <key-property name="commodityId" column="COMMODITYID"/>
		</composite-id>
		<property name="name"/>
		<property name="sortId" />
		<property name="status" column="STATUS" />
		<property name="contractFactor"/>
		<property name="minPriceMove" />
		<property name="breedId" />
		<property name="spreadAlgr" />
		<property name="spreadUpLmt" />
		<property name="spreadDownLmt" />
		<property name="feeAlgr" />
		<property name="feeRate_B" />
		<property name="feeRate_S" />
		<property name="marginAlgr" />
		<property name="marginRate_B" />
		<property name="marginRate_S" />
		<property name="marketDate" />
		<property name="settleDate" />
		<property name="settleDate1" />
		<property name="marginItem1" />
		<property name="settleDate2" />
		<property name="marginItem2" />
		<property name="settleDate3" />
		<property name="marginItem3" />
		<property name="settleDate4" />
		<property name="marginItem4" />
		<property name="lastPrice" />
		<property name="marginItem1_S" />
		<property name="marginItem2_S" />
		<property name="marginItem3_S" />
		<property name="marginItem4_S" />
		<property name="marginAssure_B" />
		<property name="marginAssure_S" />
		<property name="marginItemAssure1" />
		<property name="marginItemAssure2" />
		<property name="marginItemAssure3" />
		<property name="marginItemAssure4" />
		<property name="marginItemAssure1_S" />
		<property name="marginItemAssure2_S" />
		<property name="marginItemAssure3_S" />
		<property name="marginItemAssure4_S" />
		<property name="todayCloseFeeRate_B" />
		<property name="todayCloseFeeRate_S" />
		<property name="historyCloseFeeRate_B" />
		<property name="historyCloseFeeRate_S" />
		<property name="limitCmdtyQty" />
		<property name="settleFeeAlgr" />
		<property name="settleFeeRate_B" />
		<property name="settleFeeRate_S" />
		<property name="forceCloseFeeAlgr" />
		<property name="forceCloseFeeRate_B" />
		<property name="forceCloseFeeRate_S" />
		<property name="settleMarginAlgr_B" />
		<property name="settleMarginRate_B" />
		<property name="settleMarginAlgr_S" />
		<property name="settleMarginRate_S" />
		<property name="reserveCount" />
		<property name="addedTax" />
		<property name="marginPriceType" />
		<property name="lowestSettleFee" />
		<property name="firmCleanQty" />
		<property name="firmMaxHoldQty" />
		<property name="payoutAlgr" />
		<property name="payoutRate" />
		<property name="addedTaxFactor" />
		<property name="settleDate5" />
		<property name="marginItem5" />
		<property name="marginItem5_S" />
		<property name="marginItemAssure5" />
		<property name="marginItemAssure5_S" />
		<property name="settlePriceType" />
		<property name="beforeDays" />
		<property name="specSettlePrice" />
		<property name="orderPrivilege_B" />
		<property name="orderPrivilege_S" />
		<property name="firmMaxHoldQtyAlgr" />
		<property name="startPercentQty" />
		<property name="maxPercentLimit" />
		<property name="oneMaxHoldQty" />
		<property name="minQuantityMove" />
		<property name="delayRecoupRate" />
		<property name="settleWay" />
		<property name="delayFeeWay" />
		<property name="maxFeeRate" />
		<property name="minSettleMoveQty" />
		<property name="storeRecoupRate" />
		<property name="minSettleQty" />
		<property name="delayRecoupRate_S" />
		<property name="aheadSettlePriceType" />
		<property name="delaySettlePriceType" />
		<property name="settleMarginType" />
		<property name="beforeDays_M" />
		<property name="sideHoldLimitQty" />
	</class>
</hibernate-mapping>
