<?xml version="1.0"?>
<!DOCTYPE hibernate-mapping PUBLIC "-//Hibernate/Hibernate Mapping DTD 3.0//EN"
"http://hibernate.sourceforge.net/hibernate-mapping-3.0.dtd">
	<!--
		通过配置文件配置 Model 类与数据库表之间的字段联系
	将本配置文件配置到 hibernate.cfg.xml 中
	-->
<hibernate-mapping package="gnnt.MEBS.timebargain.mgr.model.dataquery">
	<class name="SpecFrozenHoldModel" table="T_SpecFrozenHold" lazy="false">
		<id name="id">
			<column name="id" />
		</id>
		<property name="holdNo" column="A_HOLDNO" />
		<property name="frozenQty" />
		<many-to-one name="ordersModel" class="OrdersModel"
			column="A_ORDERNO" cascade="all" unique="true"></many-to-one>
	</class>
</hibernate-mapping>
