<?xml version="1.0" encoding="GBK"?>
<!DOCTYPE hibernate-mapping PUBLIC "-//Hibernate/Hibernate Mapping DTD 3.0//EN"
"http://hibernate.sourceforge.net/hibernate-mapping-3.0.dtd">
	<!--
		Mapping file autogenerated by MyEclipse Persistence Tools
	-->
<hibernate-mapping>
	<class name="gnnt.MEBS.integrated.broker.model.firmManager.BRFirmApply" table="BR_FirmApply" dynamic-update="true" lazy="false">
		<id name="applyId" column="APPLYID" unsaved-value="0">
		<generator class="foreign" >
		<param name="property">mFirmApply</param>
		</generator>
		</id>
		<property name="brokerAgeId"></property>
		<property name="brokerId"></property>
		<property name="applyDate"></property>
		<property name="userId"></property>
		<one-to-one name="mFirmApply" class="gnnt.MEBS.integrated.broker.model.firmManager.MFirmApply" constrained="true" ></one-to-one>
	</class>
</hibernate-mapping>
