<?xml version="1.0" encoding="GBK"?>
<!DOCTYPE hibernate-mapping PUBLIC "-//Hibernate/Hibernate Mapping DTD 3.0//EN"
"http://hibernate.sourceforge.net/hibernate-mapping-3.0.dtd">
	<!--
		Mapping file autogenerated by MyEclipse Persistence Tools
	-->
<hibernate-mapping>
	<class name="gnnt.MEBS.integrated.broker.model.firmManager.BRFirm" table="M_FIRM" dynamic-update="true" lazy="false">
		<id name="firmId"/>
		<property name="name"></property>
		<property name="fullName"></property>
		<property name="type"></property>
		<property name="contactMan"></property>
		<property name="certificateType"></property>
		<property name="certificateNO"></property>
		<property name="phone"></property>
		<property name="mobile"></property>
		<property name="fax"></property>
		<property name="address"></property>
		<property name="postCode"></property>
		<property name="email"></property>
		<property name="zoneCode"></property>
		<property name="industryCode"></property>
		<property name="organizationCode"></property>
		<property name="corporateRepresentative"></property>
		<property name="note"></property>
		<property name="extendData"></property>
		<property name="createTime"></property>
		<property name="modifyTime"></property>
		<property name="status"></property>
	
		<many-to-one name="firmAndBroker" class="gnnt.MEBS.integrated.broker.model.firmManager.FirmAndBroker" insert="false" update="false" column="firmId" not-found="ignore"></many-to-one>
		
		
	</class>
</hibernate-mapping>
