<?xml version="1.0" encoding="GBK"?>
<!DOCTYPE hibernate-mapping PUBLIC "-//Hibernate/Hibernate Mapping DTD 3.0//EN"
"http://hibernate.sourceforge.net/hibernate-mapping-3.0.dtd">
	<!--
		Mapping file autogenerated by MyEclipse Persistence Tools
	-->
<hibernate-mapping>
	<class name="gnnt.MEBS.integrated.broker.model.firmManager.MFirmApply" table="M_FIRM_APPLY" dynamic-update="true" lazy="false">
		<id name="applyId" type="java.lang.Long">
			<generator class="native">
				<param name="sequence">SEQ_M_FIRM_APPLY</param>
			</generator>
		</id>
		<property name="userId"></property>
		<property name="password"></property>
		<property name="name"></property>
		<property name="fullName"></property>
		<property name="type"></property>
		<property name="contactMan"></property>
		<property name="certificateType"></property>
		<property name="certificateNO"></property>
		<property name="phone"></property>
		<property name="mobile"></property>
		<property name="fax"></property>
		<property name="address"></property>
		<property name="postCode"></property>
		<property name="email"></property>
		<property name="zoneCode"></property>
		<property name="industryCode"></property>
		<property name="organizationCode"></property>
		<property name="corporateRepresentative"></property>
		<property name="note"></property>
		<property name="extendData"></property>
		<property name="createTime"></property>
		<property name="modifyTime"></property>
		<property name="status"></property>
		<property name="auditNote"></property>
		<one-to-one name="brFirmApply"  class="gnnt.MEBS.integrated.broker.model.firmManager.BRFirmApply" cascade="all" ></one-to-one>
	</class>
</hibernate-mapping>
