<?xml version="1.0" encoding="UTF-8"?>
<!DOCTYPE hibernate-mapping PUBLIC "-//Hibernate/Hibernate Mapping DTD 3.0//EN" "http://hibernate.sourceforge.net/hibernate-mapping-3.0.dtd">
<!--
	Mapping file autogenerated by MyEclipse Persistence Tools
-->
<hibernate-mapping package="gnnt.MEBS.monitor.model">
  <class name="MemberHoldSumGroup" table="v_memberholdsumgroup">
    <composite-id>
		<key-property  name="memberno" type="java.lang.String">
			<column name="memberno"></column>
		</key-property>
		<key-property  name="commodityname" type="java.lang.String">
			<column name="commodityname"></column>
		</key-property>	
		<key-property  name="bs_flag" type="java.lang.String">
			<column name="bs_flag"></column>
		</key-property>		
	</composite-id>
    <property name="commodityid" type="java.lang.String">
      <column name="commodityid"/>
     </property>
    <property name="smemberno" type="java.lang.String">
      <column name="smemberno"/>     
    </property>
    <property name="holdqty" type="java.lang.String">
      <column name="holdqty"/>
    </property>
    <property name="holdfunds" type="java.lang.String">
      <column name="holdfunds"/>
    </property>
    <property name="floatingloss" type="java.lang.String">
      <column name="floatingloss"/>
    </property>
    <property name="evenprice" type="java.lang.String">
      <column name="evenprice"/>
    </property>
  </class>
</hibernate-mapping>
