<?xml version="1.0" encoding="UTF-8"?>
<!DOCTYPE hibernate-mapping PUBLIC "-//Hibernate/Hibernate Mapping DTD 3.0//EN" "http://hibernate.sourceforge.net/hibernate-mapping-3.0.dtd">
<!-- 
    Mapping file autogenerated by MyEclipse Persistence Tools
-->
<hibernate-mapping>
  <class name="gnnt.MEBS.monitor.model.VCustomercloseSimple" table="V_CUSTOMERCLOSE_Simple">
    <id name="tradeno" type="java.lang.Long">
      <column name="TRADENO" precision="15" scale="0"/>
    </id>
    <property name="customerno" type="java.lang.String">
      <column length="16" name="CUSTOMERNO"/>
    </property>
   <property name="commodityid" type="java.lang.String">
      <column length="16" name="COMMODITYID"/>
    </property>
    <property name="tradetype" type="java.lang.String">
      <column length="16" name="TRADETYPE"/>
    </property>
    <property name="operatetype" type="java.lang.String">
      <column length="16" name="operatetype"/>
    </property>
    <property name="quantity" type="java.lang.String">
      <column name="QUANTITY"/>
    </property>
    <property name="holdday" type="java.lang.String">
      <column name="HOLDDAY"/>
    </property>    
    <property name="holdtime" type="java.lang.String">
      <column name="HOLDTIME"/>
    </property>
    <property name="memberno" type="java.lang.String">
      <column length="16" name="MEMBERNO"/>
    </property>
    <property name="closeday" type="java.lang.String">
      <column  name="CLOSEDAY"/>
    </property>
    <property name="closetime" type="java.lang.String">
      <column  name="CLOSETIME"/>
    </property>
    <property name="closeBsFlag" type="java.lang.String">
      <column name="CLOSE_BS_FLAG" />
    </property>
    <property name="closePrice" type="java.lang.String">
      <column name="CLOSE_PRICE" />
    </property>
    <property name="closePl" type="java.lang.String">
      <column name="CLOSE_PL"/>
    </property>
    <property name="tradefee" type="java.lang.String">
      <column name="TRADEFEE" />
    </property>
    <property name="netPl" type="java.lang.String">
      <column name="NET_PL" />
    </property>
  </class>
</hibernate-mapping>
