<?xml version="1.0" encoding="UTF-8"?>
<!DOCTYPE hibernate-mapping PUBLIC "-//Hibernate/Hibernate Mapping DTD 3.0//EN" "http://hibernate.sourceforge.net/hibernate-mapping-3.0.dtd">
<!-- 
    Mapping file autogenerated by MyEclipse Persistence Tools
-->
<hibernate-mapping>
  <class name="gnnt.MEBS.monitor.model.VCustomerclosesumSimple" table="V_CUSTOMERCLOSESUM_mSimple">
    <id name="commodityid"/>
    <property name="buyqty"/>
    <property name="buycloseprice"/>
    <property name="buyclosepl"/>
    <property name="sellqty"/>
    <property name="sellcloseprice"/>
    <property name="sellclosepl"/>
    <property name="tradefee"/>
  </class>
</hibernate-mapping>
