<?xml version="1.0" encoding="UTF-8"?>
<!DOCTYPE hibernate-mapping PUBLIC "-//Hibernate/Hibernate Mapping DTD 3.0//EN" "http://hibernate.sourceforge.net/hibernate-mapping-3.0.dtd">
<!-- 
    Mapping file autogenerated by MyEclipse Persistence Tools
-->
<hibernate-mapping>
  <class name="gnnt.MEBS.monitor.model.VCustomerfundTip" table="V_CUSTOMERFUND_TIP">
    <id name="customerno"/>

    <property name="customername"/>
    <property name="lastbalance"/>
    <property name="netbalance"/>
    <property name="floatingloss"/>
    <property name="frozenmargin"/>
    <property name="margin"/>
    <property name="livemargin"/>
    <property name="riskvalue"/>
    <property name="memberno"/>
    <property name="membername"/>
    <property name="organizationname"/>
    <property name="managerno"/>
  </class>
</hibernate-mapping>
