<?xml version="1.0" encoding="UTF-8"?>
<!DOCTYPE hibernate-mapping PUBLIC "-//Hibernate/Hibernate Mapping DTD 3.0//EN" "http://hibernate.sourceforge.net/hibernate-mapping-3.0.dtd">
<!-- 
    Mapping file autogenerated by MyEclipse Persistence Tools
-->
<hibernate-mapping>
  <class name="gnnt.MEBS.monitor.model.VCustomercloseTip" table="v_customerclose_tip">
    <id name="tradeno"/>

    <property name="opentradeno"/>
    <property name="open_bs_flag"/>
    <property name="openprice"/>
    <property name="holdprice"/>
    <property name="customername"/>
    <property name="memberno"/>
    <property name="membername"/>
    <property name="organizationname"/>
    <property name="managerno"/>
  </class>
</hibernate-mapping>
