<?xml version="1.0" encoding="UTF-8"?>
<!DOCTYPE hibernate-mapping PUBLIC "-//Hibernate/Hibernate Mapping DTD 3.0//EN" "http://hibernate.sourceforge.net/hibernate-mapping-3.0.dtd">
<!-- 
    Mapping file autogenerated by MyEclipse Persistence Tools
-->
<hibernate-mapping>
  <class name="gnnt.MEBS.monitor.model.VCustomerfundSimple" table="v_customerfund_Simple">
    <id name="customerno" type="java.lang.String">
      <column length="16" name="CUSTOMERNO"/>
    </id>
    <property name="memberno"/>
    <property name="riskrate" type="java.lang.String">
      <column name="RISKRATE" precision="10" scale="4"/>
    </property>
  </class>
</hibernate-mapping>
