<?xml version="1.0" encoding="UTF-8"?>
<!DOCTYPE hibernate-mapping PUBLIC "-//Hibernate/Hibernate Mapping DTD 3.0//EN" "http://hibernate.sourceforge.net/hibernate-mapping-3.0.dtd">
<!--
	Mapping file autogenerated by MyEclipse Persistence Tools
-->
<hibernate-mapping package="gnnt.MEBS.monitor.model">
  <class name="VMemberclose" table="V_MEMBERCLOSE">
    <id name="tradeno" type="java.lang.Long">
      <column name="TRADENO" precision="15" scale="0"/>
      <generator class="assigned"/>
    </id>
    <property name="memberno" type="java.lang.String">
      <column length="16" name="MEMBERNO"/>
    </property>
    <property name="membername" type="java.lang.String">
      <column length="16" name="MEMBERNAME"/>
    </property>    
    <property name="orderno" type="java.lang.Long">
      <column length="16" name="ORDERNO"/>
    </property>    
    <property name="commodityid" type="java.lang.String">
      <column length="16" name="COMMODITYID"/>
    </property>
    <property name="commodityname" type="java.lang.String">
      <column length="32" name="COMMODITYNAME"/>
    </property>
    <property name="quantity" type="java.lang.String">
      <column name="QUANTITY" precision="10" scale="0"/>
    </property>
    <property name="holdday" type="java.lang.String">
      <column length="7" name="HOLDDAY"/>
    </property>
    <property name="holdtime" type="java.lang.String">
      <column length="7" name="HOLDTIME"/>
    </property>
    <property name="SMemberno" type="java.lang.String">
      <column length="16" name="SMEMBERNO"/>
    </property>
    <property name="OMembername" type="java.lang.String">
      <column length="128" name="O_MEMBERNAME"/>
    </property>
    <property name="openBsFlag" type="java.lang.String">
      <column name="OPEN_BS_FLAG" />
    </property>
    <property name="openprice" type="java.lang.String">
      <column name="OPENPRICE" precision="10"/>
    </property>
    <property name="holdprice" type="java.lang.String">
      <column name="HOLDPRICE" precision="15"/>
    </property>
    <property name="closeday" type="java.lang.String">
      <column length="7" name="CLOSEDAY"/>
    </property>    
    <property name="closetime" type="java.lang.String">
      <column length="7" name="CLOSETIME"/>
    </property>
    <property name="closeBsFlag" type="java.lang.String">
      <column name="CLOSE_BS_FLAG" />
    </property>
    <property name="closePrice" type="java.lang.String">
      <column name="CLOSE_PRICE" precision="10"/>
    </property>
    <property name="closePl" type="java.lang.String">
      <column name="CLOSE_PL" precision="15"/>
    </property>
    <property name="tradefee" type="java.lang.String">
      <column name="TRADEFEE" precision="15"/>
    </property>
    <property name="netPl" type="java.lang.String">
      <column name="NET_PL" precision="22" scale="0"/>
    </property>
  </class>
</hibernate-mapping>
