<?xml version="1.0" encoding="UTF-8"?>
<!DOCTYPE hibernate-mapping PUBLIC "-//Hibernate/Hibernate Mapping DTD 3.0//EN"
                                   "http://hibernate.sourceforge.net/hibernate-mapping-3.0.dtd">
<!-- 
    Mapping file autogenerated by MyEclipse Persistence Tools
-->
<hibernate-mapping>
 <class name="gnnt.MEBS.monitor.model.VMemberholddetail" table="V_MEMBERHOLDDETAIL">
 
		<composite-id>
			<key-property  name="memberno" type="java.lang.String">
				<column name="memberno"></column>
			</key-property>
			<key-property  name="commodityid" type="java.lang.String">
				<column name="COMMODITYID"></column>
			</key-property>			
		</composite-id>
  <property generated="never" lazy="false" name="membername" type="java.lang.String">
   <column length="128" name="MEMBERNAME"/>
  </property>
  <property generated="never" lazy="false" name="commodityname" type="java.lang.String">
   <column length="32" name="COMMODITYNAME"/>
  </property>
  <property generated="never" lazy="false" name="buyqty" type="java.lang.String">
   <column name="BUYQTY" precision="22" scale="0"/>
  </property>
  <property generated="never" lazy="false" name="sellqty" type="java.lang.String">
   <column name="SELLQTY" precision="22" scale="0"/>
  </property>
  <property generated="never" lazy="false" name="userbuyqty" type="java.lang.String">
   <column name="USERBUYQTY" precision="22" scale="0"/>
  </property>
  <property generated="never" lazy="false" name="usersellqty" type="java.lang.String">
   <column name="USERSELLQTY" precision="22" scale="0"/>
  </property>
  <property generated="never" lazy="false" name="netqty" type="java.lang.String">
   <column name="NETQTY" precision="22" scale="0"/>
  </property>
  <property generated="never" lazy="false" name="bsFlag" type="java.lang.String">
   <column length="32" name="BS_FLAG" />
  </property>
  <property generated="never" lazy="false" name="netholdth" type="java.lang.String">
   <column name="NETHOLDTH" precision="10" scale="0"/>
  </property>
 </class>
</hibernate-mapping>
