<?xml version="1.0" encoding="UTF-8"?>
<!DOCTYPE hibernate-mapping PUBLIC "-//Hibernate/Hibernate Mapping DTD 3.0//EN" "http://hibernate.sourceforge.net/hibernate-mapping-3.0.dtd">
<!-- 
    Mapping file autogenerated by MyEclipse Persistence Tools
-->
<hibernate-mapping>
  <class name="gnnt.MEBS.monitor.model.VMemberdetail" table="V_MEMBERDETAIL">
    <id name="memberno" type="java.lang.String">
      <column length="16" name="MEMBERNO"/>
    </id>
    <property name="membername" type="java.lang.String">
      <column length="50" name="membername"/>
    </property>
    <property name="smemberno" type="java.lang.String">
      <column length="16" name="SMEMBERNO"/>
    </property>
    <property name="commodityid" type="java.lang.String">
      <column length="16" name="COMMODITYID"/>
    </property>
    <property name="commodityname" type="java.lang.String">
      <column length="32" name="COMMODITYNAME"/>
    </property>
    <property name="bsFlag" type="java.lang.Integer">
      <column name="BS_FLAG" precision="2" scale="0"/>
    </property>
    <property name="qty" type="java.lang.Long">
      <column name="QTY" precision="10" scale="0"/>
    </property>
    <property name="evenprice" type="java.lang.Double">
      <column name="EVENPRICE" precision="16" scale="6"/>
    </property>
    <property name="floatingloss" type="java.lang.Double">
      <column name="FLOATINGLOSS" precision="15"/>
    </property>
  </class>
</hibernate-mapping>
