<?xml version="1.0" encoding="UTF-8"?>
<!DOCTYPE hibernate-mapping PUBLIC "-//Hibernate/Hibernate Mapping DTD 3.0//EN"
                                   "http://hibernate.sourceforge.net/hibernate-mapping-3.0.dtd">
<!-- 
    Mapping file autogenerated by MyEclipse Persistence Tools
-->
<hibernate-mapping>
 <class name="gnnt.MEBS.monitor.model.VSmemberholddetail" table="V_SMEMBERSUM">
<!--		<composite-id>-->
<!--			<key-property  name="smemberno" type="java.lang.String">-->
<!--				<column name="smemberno"></column>-->
<!--			</key-property>-->
<!--			<key-property  name="commodityid" type="java.lang.String">-->
<!--				<column name="COMMODITYID"></column>-->
<!--			</key-property>			-->
<!--		</composite-id>-->
<!--  <property generated="never" lazy="false" name="smembername" type="java.lang.String">-->
<!--   <column length="128" name="SMEMBERNAME"/>-->
<!--  </property>-->

  <id name="commodityname" type="java.lang.String">
   <column length="32" name="COMMODITYNAME"/>
  </id>
  <property generated="never" lazy="false" name="userbuyqty" type="java.lang.String">
   <column name="USERBUYQTY" />
  </property>
  <property generated="never" lazy="false" name="usersellqty" type="java.lang.String">
   <column name="USERSELLQTY" />
  </property>  
  <property generated="never" lazy="false" name="buyprice" type="java.lang.String">
   <column name="BUYPRICE" />
  </property>
  <property generated="never" lazy="false" name="sellprice" type="java.lang.String">
   <column name="SELLPRICE" />
  </property>
  <property generated="never" lazy="false" name="buypl" type="java.lang.String">
   <column name="BUYPL" />
  </property>
  <property generated="never" lazy="false" name="sellpl" type="java.lang.String">
   <column name="SELLPL" />
  </property>
  <property generated="never" lazy="false" name="netqty" type="java.lang.String">
   <column name="NETQTY" />
  </property>
  <property generated="never" lazy="false" name="netpl" type="java.lang.String">
   <column name="NETPL" />
  </property>
<!--  <property generated="never" lazy="false" name="bsFlag" type="java.lang.String">-->
<!--   <column length="32" name="BS_FLAG" />-->
<!--  </property>-->
<!--  <property generated="never" lazy="false" name="netholdth" type="java.lang.String">-->
<!--   <column name="NETHOLDTH" precision="10" scale="0"/>-->
<!--  </property>-->
 </class>
</hibernate-mapping>
