<?xml version="1.0" encoding="UTF-8"?>
<!DOCTYPE hibernate-mapping PUBLIC "-//Hibernate/Hibernate Mapping DTD 3.0//EN" "http://hibernate.sourceforge.net/hibernate-mapping-3.0.dtd">
<!-- 
    Mapping file autogenerated by MyEclipse Persistence Tools
-->
<hibernate-mapping>
  <class name="gnnt.MEBS.monitor.model.VSmembersum" table="V_SMEMBERSUM">
    <id name="commodityname" type="java.lang.String">
      <column length="32" name="COMMODITYNAME"/>
    </id>
    <property name="smemberno" type="java.lang.String">
      <column length="16" name="SMEMBERNO"/>
    </property>
    <property name="buyqty" type="java.lang.Integer">
      <column name="BUYQTY" precision="22" scale="0"/>
    </property>
    <property name="sellqty" type="java.lang.Integer">
      <column name="SELLQTY" precision="22" scale="0"/>
    </property>
    <property name="envenpricebuy" type="java.lang.Double">
      <column name="ENVENPRICEBUY" precision="22" scale="0"/>
    </property>
    <property name="envenpricesell" type="java.lang.Double">
      <column name="ENVENPRICESELL" precision="22" scale="0"/>
    </property>
    <property name="buyloss" type="java.lang.Double">
      <column name="BUYLOSS" precision="22" scale="0"/>
    </property>
    <property name="sellloss" type="java.lang.Double">
      <column name="SELLLOSS" precision="22" scale="0"/>
    </property>
    <property name="netqty" type="java.lang.Integer">
      <column name="NETQTY" precision="22" scale="0"/>
    </property>
    <property name="netloss" type="java.lang.Double">
      <column name="NETLOSS" precision="22" scale="0"/>
    </property>
  </class>
</hibernate-mapping>
