<?xml version="1.0" encoding="GBK"?>
<!DOCTYPE hibernate-mapping PUBLIC "-//Hibernate/Hibernate Mapping DTD 3.0//EN"
"http://hibernate.sourceforge.net/hibernate-mapping-3.0.dtd">
	<!--
	Mapping file autogenerated by MyEclipse Persistence Tools
-->
<hibernate-mapping package="gnnt.MEBS.integrated.mgr.model.usermanage">
	<class name="ErrorLoginLog" table="M_ErrorLoginLog" dynamic-update="true" lazy="false">
		<composite-id>
		<key-property name="traderId"></key-property>
		<key-property name="loginDate"></key-property>
		</composite-id>
		<property name="moduleId"></property>
		<property name="ip"></property>
	</class>
</hibernate-mapping>
