<?xml version="1.0" encoding="GBK"?>
<!DOCTYPE hibernate-mapping PUBLIC "-//Hibernate/Hibernate Mapping DTD 3.0//EN"
"http://hibernate.sourceforge.net/hibernate-mapping-3.0.dtd">
	<!--
	Mapping file autogenerated by MyEclipse Persistence Tools
-->
<hibernate-mapping package="gnnt.MEBS.integrated.mgr.model.usermanage">
	<class name="Trader" table="M_TRADER" dynamic-update="true" lazy="true">
		<id name="traderId" type="java.lang.String">
			<column name="TRADERID" />
			<generator class="assigned" >
            </generator>
		</id>
		<property name="name"></property>
		<property name="password"></property>
		<property name="forceChangePwd"></property>
		<property name="status"></property>
		<property name="userId"></property>
		<property name="type"></property>
		<property name="createTime" insert="false" update="false"></property>
		<property name="modifyTime" insert="false" update="true"></property>
		<property name="keyCode"></property>
		<property name="enableKey"></property>
		<property name="trustKey"></property>
		<property name="lastIP" insert="false"></property>
		<property name="lastTime" insert="false"></property>

		<many-to-one name="mfirm" class="MFirm" column="firmId" insert="true"></many-to-one>
		<set name="traderModuleSet" cascade="remove" inverse="true">
			<key column="traderId"/>
			<one-to-many class="TraderModule"/>
		</set>
	</class>
</hibernate-mapping>
