<?xml version="1.0" encoding="GBK"?>
<!DOCTYPE hibernate-mapping PUBLIC "-//Hibernate/Hibernate Mapping DTD 3.0//EN"
"http://hibernate.sourceforge.net/hibernate-mapping-3.0.dtd">
	<!--
	Mapping file autogenerated by MyEclipse Persistence Tools
-->
<hibernate-mapping package="gnnt.MEBS.integrated.mgr.model.usermanage">
	<class name="VerrorLoginLog" table="V_ErrorLoginLog" dynamic-update="true" lazy="false">
		<id name="traderId" type="java.lang.String">
			<column name="traderId" />
			<generator class="assigned">
			</generator>
		</id>
		<property name="userId"></property>
		<property name="loginDate"></property>
		<property name="counts"></property>
	</class>
</hibernate-mapping>
