<?xml version="1.0" encoding="utf-8"?>
<!DOCTYPE hibernate-mapping PUBLIC "-//Hibernate/Hibernate Mapping DTD 3.0//EN"
"http://hibernate.sourceforge.net/hibernate-mapping-3.0.dtd">
	<!--
	Mapping file autogenerated by MyEclipse Persistence Tools
-->
<hibernate-mapping package="gnnt.MEBS.bankadded.model">

	<class name="BankFunds" table="F_BankFunds" dynamic-update="true">
		<id name="bankCode" type="java.lang.String">
			<column name="bankCode" />
			<generator class="assigned">
			</generator>
		</id>
		<property name="firmBalance"></property>
		<property name="bankBalance"></property>
		<property name="marketFeeBalance"></property>
		<property name="offsetBalance"></property>
		<property name="lastFirmBalance"></property>
		<property name="lastBankBalance"></property>
		<property name="lastMarketFeeBalance"></property>
		<property name="lastOffsetBalance"></property>
		<property name="marketFeeNew"></property>
		<property name="marketdelayFeeNew"></property>
	</class>
</hibernate-mapping>
