<?xml version="1.0" encoding="utf-8"?>
<!DOCTYPE hibernate-mapping PUBLIC "-//Hibernate/Hibernate Mapping DTD 3.0//EN"
"http://hibernate.sourceforge.net/hibernate-mapping-3.0.dtd">
	<!--
	Mapping file autogenerated by MyEclipse Persistence Tools
-->
<hibernate-mapping package="gnnt.MEBS.bankadded.model">

	<class name="BankFundTrans" table="F_BankFundTrans" dynamic-update="true">
		<id name="transID" type="java.lang.Long">
			<column name="transID" precision="10" scale="0" />
            <generator class="native" >
            <param name="sequence">seq_f_bankfundtrans</param>
            </generator>
		</id>
		<property name="bankCode"></property>
		<property name="transType"></property>
		<property name="iOFlag"></property>
		<property name="amount"></property>
		<property name="createTime"></property>
	</class>
</hibernate-mapping>
