<?xml version="1.0" encoding="utf-8"?>
<!DOCTYPE hibernate-mapping PUBLIC "-//Hibernate/Hibernate Mapping DTD 3.0//EN"
"http://hibernate.sourceforge.net/hibernate-mapping-3.0.dtd">
	<!--
	Mapping file autogenerated by MyEclipse Persistence Tools
-->
<hibernate-mapping package="gnnt.MEBS.bankadded.model">

	<class name="Banks" table="f_b_banks" dynamic-update="true">
		<id name="bankId" type="java.lang.String">
			<column name="bankId" />
			<generator class="assigned">
			</generator>
		</id>
		<property name="bankName"></property>
	</class>
</hibernate-mapping>
