<?xml version="1.0" encoding="utf-8"?>
<!DOCTYPE hibernate-mapping PUBLIC "-//Hibernate/Hibernate Mapping DTD 3.0//EN"
                                   "http://hibernate.sourceforge.net/hibernate-mapping-3.0.dtd">
<!-- Mapping file autogenerated by MyEclipse Persistence Tools -->
<hibernate-mapping package="gnnt.MEBS.settlement.model">

	<class name="AvgPrice" table="T_QUOTATION_DETAIL"
		dynamic-update="true">
		<id name="detailId">
			<column name="detailId" />
			<generator class="assigned">
			</generator>
		</id>
			
		<property  name="commodityId"></property>
		<property  name="price"></property>
		<property  name="occurTime"></property>
	</class>
</hibernate-mapping>