<?xml version="1.0" encoding="utf-8"?>
<!DOCTYPE hibernate-mapping PUBLIC "-//Hibernate/Hibernate Mapping DTD 3.0//EN"
                                   "http://hibernate.sourceforge.net/hibernate-mapping-3.0.dtd">
<!-- Mapping file autogenerated by MyEclipse Persistence Tools -->
<hibernate-mapping package="gnnt.MEBS.settlement.model">

	<class name="ClearStatus" table="T_ClearStatus"
		dynamic-update="true">
		<id name="actionId" type="java.lang.Long">
			<column name="actionId" />
			<generator class="assigned">
			</generator>
		</id>
		<property  name="actionNote"></property>
		<property  name="status"></property>
		<property name="finishTime"></property>
	</class>
</hibernate-mapping>
