<?xml version="1.0" encoding="utf-8"?>
<!DOCTYPE hibernate-mapping PUBLIC "-//Hibernate/Hibernate Mapping DTD 3.0//EN"
                                   "http://hibernate.sourceforge.net/hibernate-mapping-3.0.dtd">
<!-- Mapping file autogenerated by MyEclipse Persistence Tools -->
<hibernate-mapping package="gnnt.MEBS.settlement.model">

	<class name="MarketParameters" table="T_A_Market"
		dynamic-update="true">
		<id name="marketCode">
			<column name="marketCode" />
			<generator class="assigned">
			</generator>
		</id>
		<property  name="marketName"></property>
		<property  name="clearDelaySecs"></property>
		<property  name="customerOpenMinFunds" column="cu_open_minFunds"></property>
		<property  name="memberOpenMinFunds" column="cm_open_minFunds"></property>
		<property  name="specialMemberOpenMinFunds" column="sm_open_minFunds"></property>
		<property  name="brokeMemberOpenMinFunds" column="bm_open_minFunds"></property>
		<property  name="customerOrgOpenMinFunds" column="CU_Org_Open_MinFunds"></property>
		<property  name="runMode" column="RUNMODE"></property>
		<property  name="initPresecs" column="INITPRESECS"></property>
		<property  name="clearRunMode" column="CLEARMODE"></property>
	</class>
</hibernate-mapping>
