<?xml version="1.0" encoding="utf-8"?>
<!DOCTYPE hibernate-mapping PUBLIC "-//Hibernate/Hibernate Mapping DTD 3.0//EN"
                                   "http://hibernate.sourceforge.net/hibernate-mapping-3.0.dtd">
<!-- Mapping file autogenerated by MyEclipse Persistence Tools -->
<hibernate-mapping package="gnnt.MEBS.settlement.model">

	<class name="Quotation" table="T_Quotation"
		dynamic-update="true">
		<id name="commodityId" type="java.lang.String">
			<column name="commodityId" />
			<generator class="assigned">
			</generator>
		</id>
		<property  name="yesterBalancePrice"></property>
		<property  name="closePrice"></property>
		<property  name="openPrice"></property>
		<property  name="highPrice"></property>
		<property  name="lowPrice"></property>
		<property  name="curPrice"></property>
		<property  name="curAmount"></property>
		<property  name="openAmount"></property>
		<property  name="buyOpenAmount"></property>
		<property  name="sellOpenAmount"></property>
		<property  name="closeAmount"></property>
		<property  name="buyCloseAmount"></property>
		<property  name="sellCloseAmount"></property>
		<property  name="reserveCount"></property>
		<property  name="reserveChange"></property>
		<property  name="price"></property>
		<property  name="totalMoney"></property>
		<property  name="totalAmount"></property>
		
		<property  name="spread"></property>
		<property  name="createTime" type="java.util.Date"></property>
		
	</class>
</hibernate-mapping>
