<?xml version="1.0" encoding="utf-8"?>
<!DOCTYPE hibernate-mapping PUBLIC "-//Hibernate/Hibernate Mapping DTD 3.0//EN"
"http://hibernate.sourceforge.net/hibernate-mapping-3.0.dtd">
	<!--
	Mapping file autogenerated by MyEclipse Persistence Tools
-->
<hibernate-mapping package="gnnt.MEBS.settlement.model">

	<class name="QuotePointRunTime" table="T_C_QuotePoint_RT" dynamic-update="true">
			<composite-id>
			<key-property name="m_FirmId" column="M_FirmID"></key-property>
			<key-property name="commodityId"></key-property>
		</composite-id>
		<property name="quotePoint_B" ></property>
		<property name="quotePoint_S" ></property>
		<property name="quotePoint_B_RMB" ></property>
		<property name="quotePoint_S_RMB" ></property>
	</class>
</hibernate-mapping>
