<?xml version="1.0" encoding="GBK"?>
<!DOCTYPE hibernate-mapping PUBLIC "-//Hibernate/Hibernate Mapping DTD 3.0//EN"
"http://hibernate.sourceforge.net/hibernate-mapping-3.0.dtd">
	<!--
		Mapping file autogenerated by MyEclipse - Hibernate Tools
	-->
<hibernate-mapping package="gnnt.MEBS.common.mgr.model">
	<class name="MyMenu" table="W_MYMENU" lazy="false" dynamic-update="true" dynamic-insert="true">
		<composite-id>
			<key-many-to-one name="user" class="User">
				<column name="userId"></column>
			</key-many-to-one>
			<key-many-to-one name="right" class="Right">
				<column name="rightId"></column>
			</key-many-to-one>
		</composite-id>
	</class>
</hibernate-mapping>
