<?xml version="1.0" encoding="GBK"?>
<!DOCTYPE hibernate-mapping PUBLIC "-//Hibernate/Hibernate Mapping DTD 3.0//EN"
"http://hibernate.sourceforge.net/hibernate-mapping-3.0.dtd">
<!-- 
    Mapping file autogenerated by MyEclipse - Hibernate Tools
-->
<hibernate-mapping>
    <class name="gnnt.MEBS.common.mgr.model.Role" table="W_ROLE" >
        <id name="id" type="java.lang.Long">
            <column name="ID"/>
            <generator class="native" >
            <param name="sequence">SEQ_W_ROLE</param>
            </generator>
        </id>
        <property name="name" type="java.lang.String">
            <column name="NAME" length="128" />
        </property>
        <property name="warehouseID"/>
        <property name="description" type="java.lang.String">
            <column name="DESCRIPTION" length="512" />
        </property>
        <set name="rightSet" table="W_ROLE_RIGHT" cascade="none" lazy="false" fetch="select">
        <key column="ROLEID"/>
        <many-to-many class="gnnt.MEBS.common.mgr.model.Right" column="RIGHTID"/>
        </set>
        <set name="userSet" table="W_USER_ROLE" cascade="none" lazy="false" fetch="select">
        <key column="ROLEID"/>
        <many-to-many class="gnnt.MEBS.common.mgr.model.User" column="USERID"/>
        </set>
    </class>
</hibernate-mapping>
