<?xml version="1.0" encoding="GBK"?>
<!DOCTYPE hibernate-mapping PUBLIC "-//Hibernate/Hibernate Mapping DTD 3.0//EN"
"http://hibernate.sourceforge.net/hibernate-mapping-3.0.dtd">
	<!--
		Mapping file autogenerated by MyEclipse - Hibernate Tools
	-->
<hibernate-mapping>
	<class name="gnnt.MEBS.common.mgr.model.User" table="W_USER" lazy="false" dynamic-update="true" dynamic-insert="true">
		<id name="userId" type="java.lang.String">
		</id>
		<property name="name" type="java.lang.String">
			<column name="NAME" length="128" />
		</property>
		<property name="password" type="java.lang.String">
			<column name="PASSWORD" length="512" />
		</property>
        <property name="warehouseID"/>
		<property name="description" type="java.lang.String">
			<column name="DESCRIPTION" length="512" />
		</property>
		<property name="skin" type="java.lang.String">
			<column name="SKIN" length="128" />
		</property>
		<property name="keyCode" type="java.lang.String">
			<column name="KEYCODE" length="128" />
		</property>
		<property name="isForbid" type="java.lang.String">
			<column name="IsForbid" length="128" />
		</property>
		<property name="type" type="java.lang.String">
		</property>
		<set name="rightSet" table="W_USER_RIGHT" cascade="none" lazy="true"
			fetch="select">
			<key column="USERID" />
			<many-to-many class="gnnt.MEBS.common.mgr.model.Right"
				column="RIGHTID" />
		</set>
		<set name="roleSet" table="W_USER_ROLE" cascade="none" lazy="true"
			fetch="select" order-by="roleId desc">
			<key column="USERID" />
			<many-to-many class="gnnt.MEBS.common.mgr.model.Role"
				column="ROLEID" />
		</set>

	</class>
</hibernate-mapping>
