<?xml version="1.0" encoding="GBK"?>
<!DOCTYPE hibernate-mapping PUBLIC "-//Hibernate/Hibernate Mapping DTD 3.0//EN"
"http://hibernate.sourceforge.net/hibernate-mapping-3.0.dtd">
	<!--
	Mapping file autogenerated by MyEclipse Persistence Tools
-->
<hibernate-mapping package="gnnt.MEBS.bill.front.model.commoditymanage">
	<class name="Breed" table="M_Breed" dynamic-insert="true" dynamic-update="true" lazy="false">
		<id name="breedId" type="java.lang.Long">
			<column name="breedId" />
			<generator class="native">
				<param name="sequence">SEQ_M_BREED</param>
			</generator>
		</id>
		<property name="breedName"></property>
		<property name="unit"></property>
		<property name="status"></property>
		<property name="tradeMode"></property>
		<property name="picture"></property>
		<property name="sortNo"></property>
		<property name="belongModule"></property>
		<set name="propsSet" lazy="true" inverse="true" cascade="delete"  order-by="sortNo asc">
				<key column="breedId" />
				<one-to-many class="BreedProps" />
		</set>
		<many-to-one name="category" class="Category" column="categoryId"/>
	</class>
</hibernate-mapping>
