<?xml version="1.0" encoding="GBK"?>
<!DOCTYPE hibernate-mapping PUBLIC "-//Hibernate/Hibernate Mapping DTD 3.0//EN"
"http://hibernate.sourceforge.net/hibernate-mapping-3.0.dtd">

<hibernate-mapping>
	<class name="gnnt.MEBS.timebargain.mgr.model.systemMana.FirmMargin" table="T_A_FirmMargin" dynamic-update="true" lazy="false">
		<id name="commodityId">
			<generator class="native">
				<param name="sequence">SEQ_MGR_CUSTOMER</param>
			</generator>
		</id>
		<property name="firmId" />
		<property name="marginAlgr" />
		<property name="marginRate_B" />
		<property name="marginRate_S" />
		<property name="marginAssure_B" />
		<property name="marginAssure_S" />
	</class>
</hibernate-mapping>