<?xml version="1.0" encoding="utf-8"?>
<!DOCTYPE hibernate-mapping PUBLIC "-//Hibernate/Hibernate Mapping DTD 3.0//EN"
"http://hibernate.sourceforge.net/hibernate-mapping-3.0.dtd">
	<!--
	Mapping file autogenerated by MyEclipse Persistence Tools
-->
<hibernate-mapping package="gnnt.MEBS.announcement.model">

	<class name="BrokerageTreeForNotice" table="M_B_Brokerage" dynamic-update="true">
		<id name="brokerageNo" type="java.lang.String">
			<column name="brokerageNo" />
			<generator class="assigned" />
		</id>
		<property name="name"></property>
	</class>
</hibernate-mapping>
