<?xml version="1.0" encoding="utf-8"?>
<!DOCTYPE hibernate-mapping PUBLIC "-//Hibernate/Hibernate Mapping DTD 3.0//EN"
                                   "http://hibernate.sourceforge.net/hibernate-mapping-3.0.dtd">
<!--
	Mapping file autogenerated by MyEclipse Persistence Tools
-->
<hibernate-mapping package="gnnt.MEBS.announcement.model">
 <class dynamic-update="true" name="BrokerageNoticeTree" table="M_MEMBERINFO">
  <id name="id" type="java.lang.String">
   <column name="MemberNo"/>
   <generator class="assigned"/>
  </id>
  <property  name="name"/>
  <set name="brokerageSet" table="M_B_Brokerage" lazy="false" order-by="brokerageNo">   
     <key column="memberNo"/>
     <one-to-many class="BrokerageTreeForNotice" />   
  </set>
 </class>
</hibernate-mapping>
