<?xml version="1.0" encoding="utf-8"?>
<!DOCTYPE hibernate-mapping PUBLIC "-//Hibernate/Hibernate Mapping DTD 3.0//EN"
                                   "http://hibernate.sourceforge.net/hibernate-mapping-3.0.dtd">
<!-- Mapping file autogenerated by MyEclipse Persistence Tools -->
<hibernate-mapping package="gnnt.MEBS.announcement.model">
	<class name="MemberInfor" table="t_memberInfor" dynamic-update="true">
		<id name="memberNo" type="java.lang.String">
			<column name="memberNo" />
		</id>
		<property name="notes"></property>
		<property name="hrefaddress"></property>
		<property name="zshrefaddress"></property>
	</class>
</hibernate-mapping>
