<?xml version="1.0" encoding="utf-8"?>
<!DOCTYPE hibernate-mapping PUBLIC "-//Hibernate/Hibernate Mapping DTD 3.0//EN"
"http://hibernate.sourceforge.net/hibernate-mapping-3.0.dtd">
	<!--
	Mapping file autogenerated by MyEclipse Persistence Tools
-->
<hibernate-mapping package="gnnt.MEBS.announcement.model">

	<class name="OrganizationNoticeTree" table="M_B_Organization" dynamic-update="true">
		<id name="organizationNO" type="java.lang.String">
			<column name="OrganizationNO" />
			<generator class="assigned" />
		</id>
		<property name="name"></property>
        <set name="organizationSet" table="M_B_Organization" lazy="false">
	        <key column="parentorganizationno"/>
	        <one-to-many class="OrganizationNoticeTree"/>
        </set>
	</class>
</hibernate-mapping>
