<?xml version="1.0"?>
<!DOCTYPE hibernate-mapping PUBLIC "-//Hibernate/Hibernate Mapping DTD 3.0//EN"
"http://hibernate.sourceforge.net/hibernate-mapping-3.0.dtd">
<!-- 
    Mapping file autogenerated by MyEclipse - Hibernate Tools
-->
<hibernate-mapping package="gnnt.MEBS.finance.front.model">
  <class name="FundFlowF" table="F_FundFlow" dynamic-update="true" lazy="false">
		<id name="fundFlowId" ></id>
		<property name="firmId" ></property>
		<property name="contractNo" ></property>
		<property name="commodityId" ></property>
		<property name="amount"></property>
		<property name="balance"></property>
		<property name="appendAmount"></property>
		<property name="voucherNo"></property>
		<property name="createTime"></property>
		<many-to-one name="summaryF" class="gnnt.MEBS.finance.front.model.SummaryF" column="oprCode"></many-to-one>
	</class>
</hibernate-mapping>
