<?xml version="1.0" encoding="GBK"?>
<!DOCTYPE hibernate-mapping PUBLIC "-//Hibernate/Hibernate Mapping DTD 3.0//EN"
                                   "http://hibernate.sourceforge.net/hibernate-mapping-3.0.dtd">
<!-- Mapping file autogenerated by MyEclipse Persistence Tools -->
<hibernate-mapping>
	<class dynamic-update="true" name="gnnt.MEBS.common.front.model.Apply" table="C_APPLY" lazy="false" dynamic-insert="true" >
		<id name="id">
			<generator class="native">
				<param name="sequence">SEQ_C_APPLY</param>
			</generator>
		</id>
		<property  name="applyType" />
		<property name="status"/>
		<property  name="content" />
		<property  name="note"/>
		<property  name="discribe"/>
		<property  name="modTime"/>
		<property  name="createTime" />
		<property  name="applyUser" />
		<property  name="operateType" />
		<property  name="entityClass" />
		
	</class>
</hibernate-mapping>
