<?xml version="1.0" encoding="GBK"?>
<!DOCTYPE hibernate-mapping PUBLIC "-//Hibernate/Hibernate Mapping DTD 3.0//EN"
                                   "http://hibernate.sourceforge.net/hibernate-mapping-3.0.dtd">
<!-- Mapping file autogenerated by MyEclipse Persistence Tools -->
<hibernate-mapping>
	<class dynamic-update="true" name="gnnt.MEBS.common.front.model.Audit" table="C_AUDIT" lazy="false" dynamic-insert="true" >
		<id name="id">
			<generator class="native">
				<param name="sequence">SEQ_C_AUDIT</param>
			</generator>
		</id>
		<property  name="status" />
		<property  name="auditUser" />
		<property  name="modTime"/>
		
		<many-to-one name="apply" column="applyId" class="gnnt.MEBS.common.front.model.Apply"/>
	</class>
</hibernate-mapping>
