<?xml version="1.0" encoding="GBK"?>
<!DOCTYPE hibernate-mapping PUBLIC "-//Hibernate/Hibernate Mapping DTD 3.0//EN"
                                   "http://hibernate.sourceforge.net/hibernate-mapping-3.0.dtd">
<!-- Mapping file autogenerated by MyEclipse Persistence Tools -->
<hibernate-mapping>
	<class dynamic-update="true" name="gnnt.MEBS.common.front.model.OperateLog" table="C_GLOBALLOG_ALL" lazy="false" dynamic-insert="true" >
		<id name="id">
			<generator class="native">
				<param name="sequence">SEQ_C_GLOBALLOG</param>
			</generator>
		</id>
		<property  name="operator" />
		<property name="operateTime" insert="false" update="false"/>
		<property  name="operateIP" />
		<property  name="operatorType"/>
		<property  name="mark"/>
		<property  name="operateContent"/>
		<property  name="currentValue" />
		<property  name="operateResult" />
		<property name="logType"/>
		
		<many-to-one name="logCatalog" column="operateType" class="gnnt.MEBS.common.front.model.LogCatalog"/>
	</class>
</hibernate-mapping>
