<?xml version="1.0" encoding="utf-8"?>
<!DOCTYPE hibernate-mapping PUBLIC "-//Hibernate/Hibernate Mapping DTD 3.0//EN"
"http://hibernate.sourceforge.net/hibernate-mapping-3.0.dtd">
	<!--
	Mapping file autogenerated by MyEclipse Persistence Tools
-->
<hibernate-mapping package="gnnt.MEBS.broke.model">

	<class name="BrokerageForZTree" table="M_B_Brokerage">
		<id name="brokerageNo" type="java.lang.String">
			<column name="brokerageNo" />
			<generator class="assigned" />
		</id>
		<property name="name"></property>
		<property name="memberNo"></property>
		<one-to-one name="broAndOrg" class="BrokerageAndOrganization"  foreign-key="brokerageno" lazy="false" fetch="join">
		</one-to-one>
	</class>
</hibernate-mapping>
