<?xml version="1.0"?>
<!DOCTYPE hibernate-mapping PUBLIC "-//Hibernate/Hibernate Mapping DTD 3.0//EN"
"http://hibernate.sourceforge.net/hibernate-mapping-3.0.dtd">
	<!--
		通过配置文件配置 Model 类与数据库表之间的字段联系
	将本配置文件配置到 hibernate.cfg.xml 中
	-->
<hibernate-mapping package="gnnt.MEBS.timebargain.mgr.model.tradeparams">
	<class name="DaySection" table="T_A_DAYSECTION" lazy="false">
		<composite-id>
		  <key-property name="weekDay" column="WEEKDAY" />
		  <key-property name="sectionID" column="SECTIONID"/>
		</composite-id>
		
		<property name="status" />
		<property name="modifyTime" />
	</class>
</hibernate-mapping>
